il_id,veri_id,deger
1,1,0.261698964541966
1,2,0.599219839869301
1,3,0.0540578460359176
1,4,0.343217665615142
1,5,0.438642297650131
1,6,0.28023598820059
1,7,1
1,8,0.571428571428571
1,9,0.148760330578512
1,10,0.40703125
1,11,0.3108
1,12,0.733333333333333
1,13,0.0386512171693951
1,14,0.0196078431372549
1,15,0.0406761223379774
1,16,0.0515182210077501
1,17,0.327040267946988
1,18,0.0277777777777777
1,19,0.0526315789473684
1,20,0.0555555555555555
1,21,0.0211807921320022
1,22,0.0418181818181818
1,23,0.0260393908022826
1,24,0.449216328699194
1,25,0.222188669472793
1,26,0.480684513738649
1,27,1
1,28,0.925842696629213
1,29,0.633544749823819
1,30,0.328265250045796
1,31,0.8
1,32,0.132117714199215
1,33,0.149619180920873
1,34,0.372857059586751
1,35,0.880620771985674
1,36,0.25
1,37,0.747791165301205
1,38,0.0875
1,39,0.474803378968832
1,40,0.72
1,41,0.542056074766355
1,42,0.233018071
1,43,0.313772455
1,44,0.072904586
1,45,0.329420924
1,46,0.505913131114354
1,47,0.104732017535671
1,48,0.113671041449525
1,49,0.597672627336319
1,50,0.517192160361312
1,51,0.16892113077388
2,1,0.116563917045407
2,2,0.151591643639988
2,3,0.0240945302233902
2,4,0.307045215562566
2,5,0.266318537859008
2,6,0.351032448377581
2,7,0.166945606694561
2,8,0.428571428571428
2,9,0.247933884297521
2,10,0.16640625
2,11,0.081
2,12,0.0666666666666666
2,13,0.0079992281240954
2,14,0
2,15,0.002619137274591
2,16,0.0124849826859202
2,17,0.113069515888541
2,18,0.0046296296296296
2,19,0
2,20,0.0555555555555555
2,21,0.0032585834049234
2,22,0.0052813852813852
2,23,0.0004053603167612
2,24,0.329938900203666
2,25,0.987792406173414
2,26,0.259093184897598
2,27,0.205296461213968
2,28,0.644943820224719
2,29,0.405214940098661
2,30,0.207730353544605
2,31,0.2
2,32,0.0346537361076505
2,33,0.0542235471615799
2,34,0.240561994961216
2,35,0.973471282663483
2,36,0.25
2,37,0.829718876144578
2,38,0
2,39,0.568016312263326
2,40,0.9
2,41,0.373831775700934
2,42,0.130663653
2,43,0.428400342
2,44,0.075655499
2,45,0.052313888
2,46,0.0512124864965868
2,47,0.0818840493619304
2,48,0.0278012046487897
2,49,0.435908152856832
2,50,0.498194392774896
2,51,0.0340920787167702
3,1,0.288367602145408
3,2,0.227530688749491
3,3,0.0147900240911081
3,4,0.631545741324921
3,5,0.268929503916449
3,6,0.707964601769911
3,7,0.328451882845188
3,8,0.285714285714286
3,9,0.380165289256198
3,10,0.736328125
3,11,0.1498
3,12,0.333333333333333
3,13,0.0261531556482292
3,14,0.0196078431372549
3,15,0.0209112589431404
3,16,0.0318955972768603
3,17,0.232269690210778
3,18,0.0023148148148148
3,19,0
3,20,0
3,21,0.0055395917883698
3,22,0.0101298701298701
3,23,0.0029169906982719
3,24,0.204728592933675
3,25,0.380660451502376
3,26,0.881951209013712
3,27,0.299367236934614
3,28,0.659550561797753
3,29,0.809725158562368
3,30,0.460249129877267
3,31,0.4
3,32,0.0406440823853544
3,33,0.0615672659189646
3,34,0.293324582745943
3,35,0.866255471547951
3,36,0.25
3,37,0.730120481927711
3,38,0.00625
3,39,0.551412758520245
3,40,0.81
3,41,0.598130841121495
3,42,0.23731695
3,43,0.416424294
3,44,0.239922759
3,45,0.072946952
3,46,0.125335502785421
3,47,0.0443738023995289
3,48,0.0398743762679822
3,49,0.631537496622427
3,50,0.134336672303147
3,51,0.0651984983481365
4,1,0.176664599800989
4,2,0.0260980055632449
4,3,0.0112721747700394
4,4,1
4,5,0.0443864229765012
4,6,0.666666666666667
4,7,0.002092050209205
4,8,0.142857142857143
4,9,0.702479338842975
4,10,0.7796875
4,11,0.5945
4,12,0.133333333333333
4,13,0.0050734434454415
4,14,0
4,15,0.0080666080917116
4,16,0.0062189347718546
4,17,0.0061992121222508
4,18,0
4,19,0
4,20,0
4,21,0.0006813401664839
4,22,0.0046753246753246
4,23,0.000223444852874
4,24,0.0850084122907993
4,25,0.774123356085377
4,26,0.0526421395087318
4,27,0.632763065385517
4,28,0.175280898876404
4,29,0.252995066948555
4,30,0.321853819380839
4,31,0
4,32,0.0349189179035832
4,33,0.0335375274935015
4,34,0.0631467141040614
4,35,0.982318609895212
4,36,0.25
4,37,0.762248996626506
4,38,0
4,39,0.559277599766967
4,40,1
4,41,0.233644859813084
4,42,0.124859155
4,43,0.08075278
4,44,0.414816093
4,45,0.005811935
4,46,0.0328357310079806
4,47,0.01317381733506
4,48,0.0104543591095399
4,49,0.268257208037419
4,50,0.634061669694949
4,51,0.0142325703057708
5,1,0.127126279017386
5,2,0.123221458666009
5,3,0.0168329774419623
5,4,0.71713985278654
5,5,0.480417754569191
5,6,0.613569321533923
5,7,0.102510460251046
5,8,0.285714285714286
5,9,0.421487603305785
5,10,0.652734375
5,11,0.0501999999999999
5,12,0.4
5,13,0.0039722702800042
5,14,0
5,15,0.0105518597548219
5,16,0.0099173164354196
5,17,0.21344190931816
5,18,0.0023148148148148
5,19,0
5,20,0
5,21,0.0019847735284533
5,22,0.0043290043290043
5,23,0.0014710091429697
5,24,0.283272823873196
5,25,0.359022769498182
5,26,0.784566628050141
5,27,0.578298570424186
5,28,0.857303370786517
5,29,0.7646229739253
5,30,0.185839897417109
5,31,0.4
5,32,0.0142502067589315
5,33,0.0266664242997109
5,34,0.248916790981138
5,35,0.887863111818544
5,36,0
5,37,0.306024096385542
5,38,0
5,39,0.443635304398485
5,40,0.76
5,41,0.504672897196262
5,42,0.187853916
5,43,0.574850299
5,44,0.000242728
5,45,0.018418775
5,46,0.0720062623334307
5,47,0.0214206066201742
5,48,0.0200750540345384
5,49,0.57782313299338
5,50,0.202285259805378
5,51,0.035325655850553
6,1,0.592555895085886
6,2,0.344894831686027
6,3,0.0768793802014892
6,4,0.0525762355415352
6,5,1
6,6,0.0501474926253687
6,7,0.735983263598326
6,8,0.428571428571428
6,9,0.31404958677686
6,10,0.64453125
6,11,0.3128
6,12,0.866666666666667
6,13,0.411759076280168
6,14,0.352941176470588
6,15,0.445738672022091
6,16,0.500954041129773
6,17,0.808495271019663
6,18,0.358796296296296
6,19,0.25
6,20,0.777777777777778
6,21,0.314542169031608
6,22,0.312640692640693
6,23,0.125707996308697
6,24,1
6,25,0.784673490926788
6,26,0.860647467660958
6,27,0.720178111085071
6,28,0.601123595505618
6,29,0.988724453840733
6,30,1
6,31,1
6,32,0.359172721190622
6,33,0.35773362659735
6,34,0.331536440511478
6,35,0.822655524605385
6,36,0.5
6,37,0.506827309879518
6,38,0.31875
6,39,0.43402272065249
6,40,0.46
6,41,0.121495327102804
6,42,0.333096546
6,43,0.288622754
6,44,0.092560129
6,45,0.476068159
6,46,0.20411634074076
6,47,0.325448617529901
6,48,0.544691596810567
6,49,0.672658060795041
6,50,0.400655928995732
6,51,0.464353567661396
7,1,0.168411979416195
7,2,0.987789434235258
7,3,0.0414510786246167
7,4,0.347003154574132
7,5,0.629242819843342
7,6,0.230088495575221
7,7,0.879916317991632
7,8,1
7,9,0.0743801652892562
7,10,0.314453125
7,11,0.3173
7,12,0.6
7,13,0.0541719384827404
7,14,0.0588235294117647
7,15,0.0456466256641981
7,16,0.0807754823207933
7,17,0.588374273759362
7,18,0.0462962962962962
7,19,0.006578947368421
7,20,0.111111111111111
7,21,0.0338300204402049
7,22,0.0709090909090909
7,23,0.0198836338493113
7,24,0.606658992296113
7,25,0.0592754646756119
7,26,0.676614574037379
7,27,0.0919146941645183
7,28,0.484269662921348
7,29,1
7,30,0.549734383586737
7,31,1
7,32,0.153388609005463
7,33,0.138658135349826
7,34,0.139030714129968
7,35,0.657779546358934
7,36,0.25
7,37,0.963855421686746
7,38,0.01875
7,39,0.435187882318672
7,40,0.5
7,41,0.0654205607476636
7,42,0.206383588
7,43,0.64704876
7,44,0.239469667
7,45,0.124351995
7,46,0.153703283760297
7,47,0.369209723709646
7,48,0.283868719318773
7,49,0.825395157314629
7,50,0.129139135190369
7,51,0.204332688168881
8,1,0.0097855387453421
8,2,0.0380302095220103
8,3,0.004174879544459
8,4,0.82018927444795
8,5,0.519582245430809
8,6,0.407079646017699
8,7,0.0815899581589958
8,8,0.142857142857143
8,9,0.545454545454545
8,10,0.942578125
8,11,0.5005
8,12,0.266666666666667
8,13,0.0045531303356996
8,14,0
8,15,0.0030458976611857
8,16,0.0055357942097948
8,17,0.288843621691366
8,18,0
8,19,0
8,20,0
8,21,0.0007702106229819
8,22,0.0003463203463203
8,23,0.000692649401599
8,24,0.403081554945542
8,25,0.73160311996686
8,26,0.891861501087549
8,27,0.632763065385517
8,28,0.380898876404494
8,29,0.320648343904158
8,30,0
8,31,0.4
8,32,0.0041779944411266
8,33,0.0097976841837383
8,34,0.145097116407999
8,35,0.908635097493036
8,36,0.75
8,37,0.338955823614457
8,38,0
8,39,0.520535974366443
8,40,0.73
8,41,0.813084112149533
8,42,0.147433242
8,43,0.172626176
8,44,0.015739537
8,45,0.012309549
8,46,0.0262568730667439
8,47,0.00856416932140075
8,48,0.00594319278019324
8,49,0.493407933745144
8,50,0.306662272355622
8,51,0.0162005669501934
9,1,0.190071316855622
9,2,0.388430669310217
9,3,0.0457388852387209
9,4,0.420609884332282
9,5,0.498694516971279
9,6,0.427728613569322
9,7,0.596234309623431
9,8,1
9,9,0
9,10,0.33671875
9,11,0.0687
9,12,0.4
9,13,0.0100757930575699
9,14,0
9,15,0.0232877285469227
9,16,0.0360415537914301
9,17,0.281378614676855
9,18,0.0254629629629629
9,19,0.0197368421052631
9,20,0.0555555555555555
9,21,0.013360191960186
9,22,0.0283982683982683
9,23,0.0106173026845108
9,24,0.274417780926238
9,25,0.0374656156845134
9,26,0.669519573382933
9,27,0.695383173189595
9,28,0.876404494382023
9,29,0.945031712473573
9,30,0.354918483238688
9,31,0.8
9,32,0.0571173965335214
9,33,0.052314907385527
9,34,0.303406468382386
9,35,0.635972940708317
9,36,0
9,37,0.727710843373493
9,38,0.0125
9,39,0.576755024759685
9,40,0.69
9,41,0.878504672897196
9,42,0.231197742
9,43,0.601026518
9,44,1
9,45,0.067635501
9,46,0.105242661124248
9,47,0.0840734624464739
9,48,0.123949934867459
9,49,0.706568221307784
9,50,0.428786573393314
9,51,0.132323977287941
10,1,0.199505734664255
10,2,0.252920099774286
10,3,0.0269827255803766
10,4,0.445846477392219
10,5,0.548302872062663
10,6,0.333333333333333
10,7,0.582845188284519
10,8,0.714285714285714
10,9,0.181818181818182
10,10,0.61640625
10,11,0.3456
10,12,0.533333333333333
10,13,0.0236332308201923
10,14,0.0196078431372549
10,15,0.0229864859210911
10,16,0.0374785046288662
10,17,0.371749514615402
10,18,0.037037037037037
10,19,0
10,20,0.111111111111111
10,21,0.0113457949462333
10,22,0.0232900432900432
10,23,0.0097632075712717
10,24,0.264677233684584
10,25,0.254761185648966
10,26,0.892101709884218
10,27,0.572955237872041
10,28,0.81685393258427
10,29,0.852713178294574
10,30,0.525554130793185
10,31,0.6
10,32,0.0591319494894974
10,33,0.0723465362732445
10,34,0.449084318673941
10,35,0.687173365167794
10,36,0
10,37,0.36144578313253
10,38,0.0375
10,39,0.809787357995922
10,40,0.67
10,41,0.261682242990654
10,42,0.194628976
10,43,0.576047904
10,44,0.158393251
10,45,0.169999572
10,46,0.129321666981979
10,47,0.125998177186316
10,48,0.128781305869044
10,49,0.668199673718349
10,50,0.122089155470918
10,51,0.164331202304328
11,1,0.0406032184278526
11,2,0.0657385688344996
11,3,0.0146155004380201
11,4,0.140904311251314
11,5,0.446475195822454
11,6,0.230088495575221
11,7,0.0313807531380753
11,8,0.428571428571428
11,9,0.256198347107438
11,10,0.71796875
11,11,0.388
11,12,0.2
11,13,0.007244539739695
11,14,0
11,15,0.0076984226601397
11,16,0.0115191632705943
11,17,0.59908333925017
11,18,0.0138888888888888
11,19,0.006578947368421
11,20,0
11,21,0.0034363243179192
11,22,0.0041558441558441
11,23,0.0012832981046431
11,24,0.478615071283096
11,25,0.386977331772663
11,26,0.877260677127668
11,27,0.720178111085071
11,28,0.892134831460674
11,29,0.891472868217054
11,30,0.113024363436527
11,31,0.6
11,32,0.0087744789039594
11,33,0.017850326286514
11,34,0.832133365860188
11,35,0.904098686828492
11,36,0
11,37,0.345381526746988
11,38,0.00625
11,39,0.416545295659773
11,40,0.73
11,41,0.728971962616823
11,42,0.196033471
11,43,0.480923867
11,44,0.007049889
11,45,0.172671717
11,46,0.0148112630932638
11,47,0.0118024640231908
11,48,0.0120286987480483
11,49,0.677738698756049
11,50,0.27422314189051
11,51,0.01480756893212
12,1,0.0668994730875417
12,2,0.0086752173204902
12,3,0.0081649693385895
12,4,0.580441640378549
12,5,0.302872062663185
12,6,0.359882005899705
12,7,0.0460251046025104
12,8,0.571428571428571
12,9,0.289256198347107
12,10,0.439453125
12,11,0.2098
12,12,0.266666666666667
12,13,0.0110242316690214
12,14,0
12,15,0.0088029789548554
12,16,0.0098466467221031
12,17,0.0900844434542245
12,18,0
12,19,0
12,20,0.0555555555555555
12,21,0.0006813401664839
12,22,0.0014718614718614
12,23,0.0000385522198862212
12,24,0.316213583635881
12,25,0.962958429419638
12,26,0.414750240384137
12,27,0.205296461213968
12,28,0.273033707865169
12,29,0.374207188160676
12,30,0.167979483421872
12,31,0
12,32,0.0142532453003432
12,33,0.0246123643502444
12,34,0.0809141485340247
12,35,0.928200026528717
12,36,0
12,37,0.820883534457831
12,38,0
12,39,0.518496941450626
12,40,0.91
12,41,1
12,42,0.176078263
12,43,0.252865697
12,44,0.035060655
12,45,0.004768812
12,46,0.000255854354248928
12,47,0.0123387853679317
12,48,0.0108109506763515
12,49,0.573544454333368
12,50,0.198264046862384
12,51,0.0102362137694759
13,1,0.0670780852881811
13,2,0.0783526568790084
13,3,0.0149679697766097
13,4,0.710830704521556
13,5,0.172323759791123
13,6,0.625368731563422
13,7,0.0322175732217573
13,8,0.428571428571428
13,9,0.528925619834711
13,10,0.623828125
13,11,0
13,12,0
13,13,0.0035648479275561
13,14,0
13,15,0.0060750596209363
13,16,0.0052295587854231
13,17,0.0547474653497829
13,18,0
13,19,0
13,20,0
13,21,0.0008294575939805
13,22,0.0014718614718614
13,23,0.0000683368056316857
13,24,0.331178606216241
13,25,0.815326064161352
13,26,0.298217576665962
13,27,0
13,28,0.198876404494382
13,29,0.125440451021846
13,30,0.218171826341821
13,31,0
13,32,0.0227006666559857
13,33,0.0290658571610346
13,34,0.0584835721394538
13,35,0.94600079586152
13,36,0
13,37,0.853815261686746
13,38,0
13,39,0.562190503932421
13,40,0.93
13,41,0.962616822429907
13,42,0.219958994
13,43,0.152780154
13,44,0.027368887
13,45,0.003007012
13,46,0.0254531395614686
13,47,0.0283469591767807
13,48,0.0123084735374288
13,49,0.650334711971593
13,50,0.520604340161583
13,51,0.00864277881435748
14,1,0.0534136378763987
14,2,0.0331466484189586
14,3,0.0096432873412176
14,4,0.241850683491062
14,5,0.514360313315927
14,6,0.250737463126844
14,7,0.207531380753138
14,8,0.285714285714286
14,9,0.512396694214876
14,10,0.862890625
14,11,0.588
14,12,0.133333333333333
14,13,0.0112265756561433
14,14,0
14,15,0.0163173088992092
14,16,0.0282443287555063
14,17,0.535800939675202
14,18,0.0092592592592592
14,19,0
14,20,0.0555555555555555
14,21,0.0037918061439108
14,22,0.0054545454545454
14,23,0.0015492196291561
14,24,0.508810767732223
14,25,0.463668190502142
14,26,0.95189260210399
14,27,0.720178111085071
14,28,0.81123595505618
14,29,0.866807610993658
14,30,0.227056237406118
14,31,0.8
14,32,0.0155106489827239
14,33,0.017850326286514
14,34,0.636130283005222
14,35,0.813768404297652
14,36,0
14,37,0.356626506024096
14,38,0.01875
14,39,0.38450334983979
14,40,0.77
14,41,0.953271028037383
14,42,0.327879141
14,43,0.339435415
14,44,0.00450934
14,45,0.065079399
14,46,0.0177073491046929
14,47,0.0170044416232886
14,48,0.0264362918034881
14,49,0.646380259395972
14,50,0.178793909191836
14,51,0.0299804129000903
15,1,0.0800145383112077
15,2,0.0655016542827217
15,3,0.0098486092860271
15,4,0.347003154574132
15,5,0.503916449086162
15,6,0.631268436578171
15,7,0.136820083682008
15,8,0.285714285714286
15,9,0.0991735537190082
15,10,0.533984375
15,11,0.0764
15,12,0.533333333333333
15,13,0.0073625086279397
15,14,0
15,15,0.0205849127651562
15,16,0.0201644248663164
15,17,0.329302539669326
15,18,0.0023148148148148
15,19,0
15,20,0.0555555555555555
15,21,0.0039399235714074
15,22,0.0134199134199134
15,23,0.0019520882044014
15,24,0.242273975028779
15,25,0.378131805347362
15,26,0.678093274275286
15,27,0.299367236934614
15,28,0.550561797752809
15,29,0.914728682170543
15,30,0.186023081150394
15,31,0.6
15,32,0.0120735061839842
15,33,0.0114518386563175
15,34,0.318583268387568
15,35,0.854940973603926
15,36,0
15,37,0.925301204819276
15,38,0.00625
15,39,0.451500145645208
15,40,0.77
15,41,0.0654205607476636
15,42,0.204450719
15,43,0.726432849
15,44,0.011116925
15,45,0.044467492
15,46,0.0361578498616747
15,47,0.0103734052501786
15,48,0.0119106434901016
15,49,0.596092807322579
15,50,0.00145738445407812
15,51,0.0279652091006108
16,1,0.154351292130711
16,2,0.550056949038964
16,3,0.102842340122646
16,4,0.140904311251314
16,5,0.522193211488251
16,6,0.126843657817109
16,7,0.418828451882845
16,8,0.428571428571428
16,9,0.28099173553719
16,10,0.7
16,11,0.4835
16,12,0.666666666666667
16,13,0.0369500433008319
16,14,0.0196078431372549
16,15,0.0787163716999288
16,16,0.0633671762738215
16,17,0.535979668934651
16,18,0.319444444444444
16,19,0.210526315789474
16,20,0.111111111111111
16,21,0.141185531889682
16,22,0.23965367965368
16,23,0.099440156906111
16,24,0.651996812184539
16,25,0.576892674925208
16,26,0.823025075416787
16,27,0.572955237872041
16,28,0.965168539325843
16,29,0.924594785059901
16,30,0.435152958417293
16,31,1
16,32,0.179976398820162
16,33,0.225092250922509
16,34,0.764086034969247
16,35,0.829897864438254
16,36,0
16,37,0.295582329638554
16,38,0.1375
16,39,0.51267113311972
16,40,0.53
16,41,0.728971962616823
16,42,0.193214289
16,43,0.312403764
16,44,0.013695231
16,45,0.693602782
16,46,0.172882563431229
16,47,0.183637446770955
16,48,0.210137550547461
16,49,0.742440479249117
16,50,0.364294376573963
16,51,0.263641900451718
17,1,0.152385675168252
17,2,0.344851235314944
17,3,0.0157961016206745
17,4,0.445846477392219
17,5,0.668407310704961
17,6,0.592920353982301
17,7,0.20836820083682
17,8,0.714285714285714
17,9,0.12396694214876
17,10,0.501171875
17,11,0.4738
17,12,0.666666666666667
17,13,0.0104754029008627
17,14,0
17,15,0.0373038784988075
17,16,0.0392216908906739
17,17,0.4788181344093
17,18,0.0046296296296296
17,19,0.006578947368421
17,20,0.0555555555555555
17,21,0.0096868797582723
17,22,0.0129870129870129
17,23,0.0016035982137386
17,24,0.394492163286992
17,25,0.374515293634003
17,26,0.793433523960044
17,27,0.572955237872041
17,28,0.676404494382022
17,29,0.810429880197322
17,30,0.346125664041033
17,31,0.8
17,32,0.0253453026083391
17,33,0.023030919964372
17,34,0.258674847314484
17,35,0.628597957288765
17,36,0
17,37,0.247389558554217
17,38,0.00625
17,39,1
17,40,0.6
17,41,0.261682242990654
17,42,0.236121147
17,43,0.534816082
17,44,0.062321663
17,45,0.261155949
17,46,0.082387040769424
17,47,0.0505109479140324
17,48,0.0469374768033547
17,49,0.70645792179092
17,50,0.180258227847904
17,51,0.0674071740945706
18,1,0.112431701089988
18,2,0.0357669335955119
18,3,0.005115938458169
18,4,0.771819137749737
18,5,0.323759791122715
18,6,0.445427728613569
18,7,0.0627615062761506
18,8,0
18,9,0.487603305785124
18,10,0.7203125
18,11,0.6615
18,12,0.133333333333333
18,13,0.0076914152633772
18,14,0
18,15,0.012802811597841
18,16,0.0100586558620527
18,17,0.331486464319029
18,18,0.0023148148148148
18,19,0
18,20,0.0555555555555555
18,21,0.0006517166809846
18,22,0.0051082251082251
18,23,0.0034979655069384
18,24,0.128043921013017
18,25,0.925883728840683
18,26,0.808190163332164
18,27,0.578298570424186
18,28,0.630337078651685
18,29,0.926708949964764
18,30,0.163857849422971
18,31,0.2
18,32,0.006706337126722
18,33,0.0074164288440913
18,34,0.61197261699413
18,35,0.893885130653933
18,36,0
18,37,0.399196787469879
18,38,0.00625
18,39,0.393242062336149
18,40,0.84
18,41,0.981308411214953
18,42,0.165601889
18,43,0.510521814
18,44,0.002696973
18,45,0.033717259
18,46,0.030265760672355
18,47,0.00842330010743399
18,48,0.00843124777130271
18,49,0.606369020024983
18,50,0.03322214666532
18,51,0.0191715221676287
19,1,0.280976741416172
19,2,0.166337092769854
19,3,0.0104885293473499
19,4,0.71713985278654
19,5,0.315926892950392
19,6,0.548672566371681
19,7,0.203347280334728
19,8,0.428571428571428
19,9,0.388429752066116
19,10,0.767578125
19,11,0.2253
19,12,0.4
19,13,0.0099425897764723
19,14,0
19,15,0.0100246851596167
19,16,0.0116605026972273
19,17,0.185503832885694
19,18,0.0023148148148148
19,19,0
19,20,0.0555555555555555
19,21,0.0068726486358384
19,22,0.0103030303030303
19,23,0.0300270735031682
19,24,0.087487824315948
19,25,0.563111756896192
19,26,0.562029246036272
19,27,0.578298570424186
19,28,0.810112359550562
19,29,0.828752642706131
19,30,0.283934786590951
19,31,0.4
19,32,0.0224241593875184
19,33,0.0330103793648773
19,34,0.273096045612437
19,35,0.911341026661361
19,36,0.25
19,37,0.364658635180723
19,38,0
19,39,0.416545295659773
19,40,0.86
19,41,0.504672897196262
19,42,0.242130592
19,43,0.503849444
19,44,0.001774609
19,45,0.021105445
19,46,0.124134163986873
19,47,0.0288764916437401
19,48,0.0325759738143735
19,49,0.461123661568343
19,50,0.149117834128714
19,51,0.0612648267226549
20,1,0.191387249532492
20,2,0.28964707458372
20,3,0.0262914750328515
20,4,0.420609884332282
20,5,0.480417754569191
20,6,0.300884955752212
20,7,0.244769874476987
20,8,0.428571428571428
20,9,0.12396694214876
20,10,0.427734375
20,11,0.0943
20,12,0.466666666666667
20,13,0.0113882945956577
20,14,0
20,15,0.0197230241412493
20,16,0.0410591034369037
20,17,0.356888054274934
20,18,0.0324074074074074
20,19,0.0723684210526315
20,20,0.111111111111111
20,21,0.01531534200314
20,22,0.0451082251082251
20,23,0.0385988541974063
20,24,0.400159390773045
20,25,0.0887311531594553
20,26,0.785855779671774
20,27,0.299367236934614
20,28,0.726966292134831
20,29,0.851303735024665
20,30,0.359040117237589
20,31,0.8
20,32,0.0551486979297588
20,33,0.0560412993292494
20,34,0.575725323667388
20,35,0.816739620639342
20,36,0
20,37,0.818473895903614
20,38,0.06875
20,39,0.42848820273813
20,40,0.72
20,41,0.878504672897196
20,42,0.22950278
20,43,0.50641574
20,44,0.013457898
20,45,0.199056089
20,46,0.086536373603704
20,47,0.0581654076127081
20,48,0.0709875969205367
20,49,0.613185086904606
20,50,0.179739345915284
20,51,0.0969588531602095
21,1,0.297701197611823
21,2,0.329604479087072
21,3,0.0379914038545773
21,4,0.592429022082019
21,5,0.219321148825065
21,6,0.386430678466077
21,7,0.402510460251046
21,8,0.285714285714286
21,9,0.264462809917355
21,10,0.22421875
21,11,0.2633
21,12,0.4
21,13,0.0085375100048945
21,14,0
21,15,0.0267687544454206
21,16,0.029846175590681
21,17,0.0669304351445381
21,18,0.0092592592592592
21,19,0
21,20,0.0555555555555555
21,21,0.0058654501288621
21,22,0.0145454545454545
21,23,0.0031346629083839
21,24,0.357743735057115
21,25,0.739629293882839
21,26,0.181810609874538
21,27,0.277009608624326
21,28,0.424719101123595
21,29,0.266384778012685
21,30,0.323227697380473
21,31,0
21,32,0.126612429623237
21,33,0.159544107756349
21,34,0.103776497332726
21,35,0.85636025998143
21,36,0.25
21,37,0.506827309879518
21,38,0
21,39,0.419458199825226
21,40,0.92
21,41,0.700934579439253
21,42,0.200545023
21,43,0.14867408
21,44,0.006014251
21,45,0.056946369
21,46,0.496774656654782
21,47,0.0992771542382115
21,48,0.0810174422600628
21,49,0.68738194241853
21,50,0.454709310390916
21,51,0.0691662210362822
22,1,0.180508206206496
22,2,0.292529807867415
22,3,0.0197040626368812
22,4,0.311251314405888
22,5,0.506527415143603
22,6,0.533923303834808
22,7,0.365690376569038
22,8,0.285714285714286
22,9,0.190082644628099
22,10,0.818359375
22,11,0.3977
22,12,0.4
22,13,0.0091355575807315
22,14,0
22,15,0.0207104305259194
22,16,0.0321311629879154
22,17,0.349567499675594
22,18,0
22,19,0
22,20,0.0555555555555555
22,21,0.0037918061439108
22,22,0.0046753246753246
22,23,0.0008901316900121
22,24,0.328964845479501
22,25,0
22,26,0.732164566644046
22,27,0.885868291539723
22,28,0.755056179775281
22,29,0.859055673009161
22,30,0.202234841546071
22,31,0.8
22,32,0.0189900551301904
22,33,0.0175231308963335
22,34,0.256192155990734
22,35,0.757341822522881
22,36,0.75
22,37,0.101204819277108
22,38,0.00625
22,39,0.812700262161375
22,40,0.7
22,41,0.392523364485981
22,42,0.360157305
22,43,0.299059025
22,44,0.00064188
22,45,0.037339614
22,46,0.248380727532106
22,47,0.026072685119968
22,48,0.0276014810274689
22,49,0.593074092211871
22,50,0.219471555990817
22,51,0.0479183579339363
23,1,0.0856385360747984
23,2,0.0924274280325996
23,3,0.019618511826544
23,4,0.580441640378549
23,5,0.488250652741514
23,6,0.365781710914454
23,7,0.127615062761506
23,8,0.428571428571428
23,9,0.446280991735537
23,10,0.323046875
23,11,0.5913
23,12,0.466666666666667
23,13,0.0174070516488886
23,14,0
23,15,0.0375465461696163
23,16,0.0362064497891686
23,17,0.214680772404202
23,18,0.0046296296296296
23,19,0
23,20,0.0555555555555555
23,21,0.0105459608377521
23,22,0.0116883116883116
23,23,0.0022453829985547
23,24,0.399273886478349
23,25,0.576389928936555
23,26,0.518760259514483
23,27,0.205296461213968
23,28,0.467415730337079
23,29,0.471458773784355
23,30,0.239329547536179
23,31,0.4
23,32,0.032633658530926
23,33,0.0565866249795502
23,34,0.237885006055608
23,35,0.949462793473936
23,36,0.25
23,37,0.812048192771084
23,38,0
23,39,0.490241771045732
23,40,0.86
23,41,1
23,42,0.408933384
23,43,0.193669803
23,44,0.100974686
23,45,0.082161944
23,46,0.0376885165609212
23,47,0.0901851496692968
23,48,0.0467377531820339
23,49,0.607514316222695
23,50,0.103132706923041
23,51,0.045676405012626
24,1,0.073861397551386
24,2,0.0531383988802896
24,3,0.0032167104686815
24,4,0.771819137749737
24,5,0.537859007832898
24,6,0.383480825958702
24,7,0.0435146443514644
24,8,0
24,9,0.256198347107438
24,10,0.537109375
24,11,0.3737
24,12,0.2
24,13,0.0089394636009339
24,14,0
24,15,0.0126438224342077
24,16,0.0174789757602883
24,17,0.34230570538073
24,18,0.0023148148148148
24,19,0
24,20,0
24,21,0.0013923038184672
24,22,0.0034632034632034
24,23,0.0003118231305016
24,24,0.31196316302134
24,25,0.673018853997863
24,26,0.743187068444652
24,27,0.632763065385517
24,28,0.504494382022472
24,29,0.515151515151515
24,30,0.257739512731269
24,31,0.4
24,32,0.0110873613803596
24,33,0.0154327159035137
24,34,0.0965011323231298
24,35,0.877888314100013
24,36,0
24,37,0.723694779759036
24,38,0
24,39,0.527235653946985
24,40,0.82
24,41,0.280373831775701
24,42,0.200839523
24,43,0.535329341
24,44,0.031975317
24,45,0.026828967
24,46,0.0220275310288428
24,47,0.0169959555260617
24,48,0.013738882792961
24,49,0.628896186146174
24,50,0.243277700998868
24,51,0.0177313169944984
25,1,0.218766832789902
25,2,0.0399614980593218
25,3,0.0063033837056504
25,4,0.771819137749737
25,5,0.399477806788512
25,6,0.525073746312684
25,7,0.0502092050209205
25,8,0.285714285714286
25,9,0.59504132231405
25,10,0.821484375
25,11,0.3976
25,12,0.466666666666667
25,13,0.0413027827766985
25,14,0.0196078431372549
25,15,0.0916447010585331
25,16,0.0648747968245742
25,17,0.159113111137771
25,18,0
25,19,0
25,20,0.0555555555555555
25,21,0.0222472376099771
25,22,0.0223376623376623
25,23,0.0005035893605861
25,24,0.428052776055964
25,25,0.722879116375315
25,26,0.63294167454832
25,27,0.632763065385517
25,28,0.37752808988764
25,29,0.37984496124031
25,30,0.515845392929108
25,31,0.2
25,32,0.0481512132895857
25,33,0.0639848763019649
25,34,0.0739842014477328
25,35,0.935840297121634
25,36,0.25
25,37,0.295582329638554
25,38,0.00625
25,39,0.480629187299738
25,40,0.89
25,41,0.280373831775701
25,42,0.384537655
25,43,0.175363559
25,44,0.024321307
25,45,0.015375767
25,46,0.0462746855527276
25,47,0.0461236356477183
25,48,0.0404703127413159
25,49,0.444403089125529
25,50,0.124622257884144
25,51,0.0493895186185793
26,1,0.291961892724002
26,2,0.205733014902437
26,3,0.0186979851073149
26,4,0.140904311251314
26,5,0.751958224543081
26,6,0.1976401179941
26,7,0.258577405857741
26,8,0.571428571428571
26,9,0.256198347107438
26,10,0.6296875
26,11,0.1641
26,12,0.6
26,13,0.0630160894719798
26,14,0.0392156862745098
26,15,0.0840048533534161
26,16,0.0818355280205413
26,17,0.522707185161064
26,18,0.0486111111111111
26,19,0.0197368421052631
26,20,0.111111111111111
26,21,0.0287940279053233
26,22,0.0289177489177489
26,23,0.0143280491734988
26,24,0.638005844328345
26,25,0.546178361937691
26,26,0.86769163618456
26,27,0.720178111085071
26,28,0.8
26,29,0.834390415785765
26,30,0.245557794467851
26,31,1
26,32,0.0501903508078929
26,33,0.0540599494664897
26,34,0.686388590845993
26,35,0.839633903700756
26,36,0.25
26,37,0.495582329638554
26,38,0.025
26,39,0.451500145645208
26,40,0.74
26,41,0.728971962616823
26,42,0.30367579
26,43,0.353635586
26,44,0.010680015
26,45,0.16009219
26,46,0.140312566771914
26,47,0.0807078762862802
26,48,0.0856531326286135
26,49,0.667644017614206
26,50,0.264965413755149
26,51,0.0854612022965894
27,1,0.178651547064962
27,2,0.280469884962378
27,3,0.107273872098116
27,4,0.307045215562566
27,5,0.237597911227154
27,6,0.182890855457227
27,7,0.185355648535565
27,8,0.571428571428571
27,9,0.413223140495868
27,10,0.32421875
27,11,0.4387
27,12,0.2
27,13,0.0572563170972465
27,14,0.0588235294117647
27,15,0.054148361993222
27,16,0.0472073684954418
27,17,0.303788325796508
27,18,0.0277777777777777
27,19,0.006578947368421
27,20,0.111111111111111
27,21,0.0409692804455372
27,22,0.0617316017316017
27,23,0.0839040916055892
27,24,0.343132914194634
27,25,0.533582665519898
27,26,0.490265173435514
27,27,0.261073353644246
27,28,0.765168539325843
27,29,0.48062015503876
27,30,0.336050558710386
27,31,0.6
27,32,0.149566676371584
27,33,0.149710068529257
27,34,0.733732434958885
27,35,0.908966706459743
27,36,0.5
27,37,0.795180722891566
27,38,0.175
27,39,0.672880862219633
27,40,0.74
27,41,0.373831775700934
27,42,0.316647185
27,43,0.271000855
27,44,0.007605465
27,45,0.497431189
27,46,0.0993058343264093
27,47,0.191648322553161
27,48,0.147292532034618
27,49,0.743157914756681
27,50,0.449903629865661
27,51,0.0954660236175075
28,1,0.0755347476054666
28,2,0.114272075434412
28,3,0.0185508377135348
28,4,0.82018927444795
28,5,0.436031331592689
28,6,0.321533923303835
28,7,0.0623430962343096
28,8,0.142857142857143
28,9,0.991735537190083
28,10,1
28,11,0
28,12,0
28,13,0.0073843836535745
28,14,0
28,15,0.0107945274256307
28,16,0.0199995288685778
28,17,0.12058348982345
28,18,0.0023148148148148
28,19,0
28,20,0.0555555555555555
28,21,0.0031400894629262
28,22,0.0058874458874458
28,23,0.0050939839353009
28,24,0.190649074648012
28,25,0.725184828271273
28,26,0.774602449517017
28,27,0.632763065385517
28,28,0.782022471910112
28,29,0.572233967582805
28,30,0.0842645173108627
28,31,0.2
28,32,0.0187044322374879
28,33,0.0312289822405613
28,34,0.345331568823442
28,35,0.875805809789097
28,36,0.5
28,37,0.40562249060241
28,38,0.01875
28,39,0.425284008156132
28,40,0.81
28,41,0.813084112149533
28,42,0.298532682
28,43,0.232164243
28,44,0.000517819
28,45,0.005265033
28,46,0.0360654764991527
28,47,0.0385811924324379
28,48,0.0282920234266913
28,49,0.589556737140327
28,50,0.128159283230738
28,51,0.0591072275702168
29,1,0.0555692655415139
29,2,0.0173483878629954
29,3,0.0034391425755584
29,4,0.82018927444795
29,5,0.409921671018277
29,6,0.492625368731563
29,7,0.0338912133891213
29,8,0.428571428571428
29,9,0.413223140495868
29,10,0.753125
29,11,0.3996
29,12,0.333333333333333
29,13,0.0044839896296753
29,14,0
29,15,0.0163842517049495
29,16,0.0079150078914513
29,17,0.104549271739476
29,18,0
29,19,0
29,20,0
29,21,0.0011849394199721
29,22,0.0006060606060606
29,23,0.0006743485634248
29,24,0.0843000088550429
29,25,0.945150117342275
29,26,0.638396154054908
29,27,0.632763065385517
29,28,0.602247191011236
29,29,0.459478505990134
29,30,0.0851804359772852
29,31,0.2
29,32,0.0049420494906575
29,33,0.0059258720666024
29,34,0.0724082321726571
29,35,0.914073484547022
29,36,0.5
29,37,0.579116466506024
29,38,0
29,39,0.451500145645208
29,40,0.82
29,41,0.813084112149533
29,42,0.155262423
29,43,0.283490163
29,44,0
29,45,0.017058942
29,46,0.00156957231677689
29,47,0.00377970770486712
29,48,0.0041909616571077
29,49,0
29,50,0.480249368836857
29,51,0.00878440027952827
30,1,0.0161989715724249
30,2,0.0139353855728043
30,3,0.0096330212439772
30,4,0.710830704521556
30,5,0.219321148825065
30,6,0.221238938053097
30,7,0.007531380753138
30,8,0.571428571428571
30,9,0.272727272727273
30,10,0.472265625
30,11,0
30,12,0
30,13,0.0007609383917246
30,14,0
30,15,0
30,16,0.0004240182798991
30,17,0.13013203930085
30,18,0
30,19,0
30,20,0
30,21,0.0000888704564979115
30,22,0.0008658008658008
30,23,0.0007839029894189
30,24,0.429823784645356
30,25,0.983010440488989
30,26,0.14075974793964
30,27,0
30,28,0
30,29,0
30,30,0.0283018867924528
30,31,0
30,32,0.0204441353112212
30,33,0.0309017868503808
30,34,0.0004965382647498
30,35,0.987690675155856
30,36,0
30,37,0.869879518072288
30,38,0
30,39,0.501019516457908
30,40,0.88
30,41,0.962616822429907
30,42,0.115858044
30,43,0
30,44,0
30,45,0.00029066
30,46,0.0000142780845115592
30,47,0.00354039976306817
30,48,0.000496478961501857
30,49,0.543820262838042
30,50,1
30,51,0.00121500382687511
31,1,0.117884152220537
31,2,0.355276550151613
31,3,0.0921792871222076
31,4,0.371819137749737
31,5,0.295039164490861
31,6,0.224188790560472
31,7,0.228033472803347
31,8,0.857142857142857
31,9,0.338842975206611
31,10,0.536328125
31,11,0.0223
31,12,0.2
31,13,0.0298199568202619
31,14,0.0196078431372549
31,15,0.024509434751684
31,16,0.0264775859225931
31,17,0.244166203521211
31,18,0.0069444444444444
31,19,0.006578947368421
31,20,0.111111111111111
31,21,0.0086500577657967
31,22,0.0154112554112554
31,23,0.0302338195397454
31,24,0.202780483485345
31,25,0.717940076703256
31,26,0.411253168820322
31,27,1
31,28,0.932584269662921
31,29,0.503171247357294
31,30,0.336325334310313
31,31,0.4
31,32,0.0929451145502489
31,33,0.122007525493974
31,34,0.332464751180358
31,35,0.914551001459079
31,36,0
31,37,0.666666666987951
31,38,0.0625
31,39,0.721235071366152
31,40,0.75
31,41,0.336448598130841
31,42,0.244534728
31,43,0.5572284
31,44,0.023501427
31,45,0.390432979
31,46,0.202578452332667
31,47,0.106829780770164
31,48,0.0757817724298926
31,49,0.373518048699867
31,50,0.557910901174264
31,51,0.0997092503581166
32,1,0.0963325210885039
32,2,0.214013766935745
32,3,0.014844776609724
32,4,0.347003154574132
32,5,0.60313315926893
32,6,0.569321533923304
32,7,0.131799163179916
32,8,0.285714285714286
32,9,0.231404958677686
32,10,0.68359375
32,11,0.1953
32,12,0.266666666666667
32,13,0.0355707448094665
32,14,0.0196078431372549
32,15,0.0343416593447972
32,16,0.0519657958587548
32,17,0.301981446433862
32,18,0.0046296296296296
32,19,0
32,20,0.0555555555555555
32,21,0.0085611873092988
32,22,0.0137662337662337
32,23,0.0024815060207039
32,24,0.38227220402019
32,25,0.178788763327898
32,26,1
32,27,0.299367236934614
32,28,0.544943820224719
32,29,0.925299506694856
32,30,0.144531965561458
32,31,0.8
32,32,0.0227885081258884
32,33,0.025648483085816
32,34,0.236006796097641
32,35,0.823146305876111
32,36,0
32,37,0.868273093012048
32,38,0
32,39,0.608796970579668
32,40,0.77
32,41,0.0654205607476636
32,42,0.367345587
32,43,0.569033362
32,44,0.007168555
32,45,0.05244264
32,46,0.0260583458523747
32,47,0.0303157337334245
32,48,0.0276758720119284
32,49,0.540468204088602
32,50,0.193246133012955
32,51,0.0435598219129423
33,1,0.167689568300659
33,2,0.867447280499819
33,3,0.0379092750766535
33,4,0.343217665615142
33,5,0.50130548302872
33,6,0.309734513274336
33,7,0.585355648535565
33,8,0.857142857142857
33,9,0.12396694214876
33,10,0.19921875
33,11,0.4557
33,12,0.2
33,13,0.0559227217844395
33,14,0.0588235294117647
33,15,0.0361072758461989
33,16,0.0447103719582577
33,17,0.427160481736563
33,18,0.0254629629629629
33,19,0.006578947368421
33,20,0.111111111111111
33,21,0.0235802944574458
33,22,0.0519480519480519
33,23,0.0265892748115725
33,24,0.400602142920393
33,25,0.279910012002671
33,26,0.504246816751162
33,27,1
33,28,0.998876404494382
33,29,0.688513037350247
33,30,0.399981681626671
33,31,0.6
33,32,0.109875314834325
33,33,0.119353607329177
33,34,0.220657287130808
33,35,0.827563337312641
33,36,0.5
33,37,0.906024096385542
33,38,0.05
33,39,0.565977279347509
33,40,0.61
33,41,0.542056074766355
33,42,0.196607212
33,43,0.527630453
33,44,0.03088574
33,45,0.205216706
33,46,0.121587111949329
33,47,0.207378152372967
33,48,0.165871680403393
33,49,0.749922118860955
33,50,0.18363290352874
33,51,0.156374861957766
34,1,0.0335240509932249
34,2,0.0473924278732068
34,3,1
34,4,0
34,5,0.767624020887729
34,6,0
34,7,0.844351464435146
34,8,0.714285714285714
34,9,0.578512396694215
34,10,0.680078125
34,11,0.3895
34,12,0.866666666666667
34,13,1
34,14,1
34,15,1
34,16,1
34,17,0.98597832234434
34,18,1
34,19,1
34,20,1
34,21,1
34,22,1
34,23,1
34,24,0.96821039582042
34,25,0.685300515252267
34,26,0.936988765041942
34,27,0.885868291539723
34,28,0.966292134831461
34,29,0.97815362931642
34,30,0.714599743542773
34,31,1
34,32,1
34,33,1
34,34,0.304343414499349
34,35,0
34,36,0.25
34,37,0.873092370120482
34,38,1
34,39,0
34,40,0
34,41,0
34,42,0.222762229
34,43,0.171257485
34,44,0.003128489
34,45,0.787749909
34,46,0.0601494581914771
34,47,1
34,48,1
34,49,0.571240813890765
34,50,0.338284006383207
34,51,1
35,1,0.178842362296774
35,2,0.486263791509873
35,3,0.124572245948314
35,4,0.143007360672976
35,5,0.738903394255875
35,6,0.123893805309734
35,7,0.797489539748954
35,8,0.571428571428571
35,9,0.0991735537190082
35,10,0.368359375
35,11,0.4109
35,12,0.866666666666667
35,13,0.175053720766079
35,14,0.137254901960784
35,15,0.158269528471612
35,16,0.226072412899578
35,17,0.619492751671608
35,18,0.243055555555555
35,19,0.171052631578947
35,20,0.277777777777778
35,21,0.113161714607341
35,22,0.225627705627706
35,23,0.121480677466543
35,24,0.697777384220313
35,25,0.107950892634239
35,26,0.811755565201101
35,27,0.695383173189595
35,28,0.993258426966292
35,29,0.996476391825229
35,30,0.636746656896867
35,31,1
35,32,0.489712603704037
35,33,0.213349571919364
35,34,0.547552174297884
35,35,0.633346597692002
35,36,0
35,37,0.56867469879518
35,38,0.225
35,39,0.87678415380134
35,40,0.38
35,41,0.327102803738318
35,42,0.243999517
35,43,0.376903336
35,44,0.233660386
35,45,0.910634
35,46,0.2434488741256
35,47,0.281824986125231
35,48,0.32936284930408
35,49,0.633187020127655
35,50,0.486104860591281
35,51,0.454572399911158
36,1,0.135080262098773
36,2,0.0058255395012544
36,3,0.0052288655278142
36,4,1
36,5,0.253263707571801
36,6,0.855457227138643
36,7,0.00418410041841
36,8,0.142857142857143
36,9,0.537190082644628
36,10,1
36,11,0.4117
36,12,0.2
36,13,0.0070160238469029
36,14,0
36,15,0.0112296556629429
36,16,0.0150762055075263
36,17,0.111994691985829
36,18,0
36,19,0
36,20,0
36,21,0.000592469709986
36,22,0.002077922077922
36,23,0.0000341089389326199
36,24,0.308066944124679
36,25,0.670648601533981
36,26,0.258109013066377
36,27,0.632763065385517
36,28,0.151685393258427
36,29,0.238195912614517
36,30,0.168986993954937
36,31,0
36,32,0.0152095571519254
36,33,0.0159598640321378
36,34,0.0552236904882698
36,35,0.949157713224566
36,36,0.25
36,37,0.609638554216867
36,38,0
36,39,0.519079522283717
36,40,0.94
36,41,0.233644859813084
36,42,0.212139055
36,43,0.098887938
36,44,0.375537372
36,45,0.003998271
36,46,0.0140749606402297
36,47,0.0164138092562954
36,48,0.0130758327140823
36,49,0.354274504838683
36,50,0.206660842037969
36,51,0.0120625889487276
37,1,0.0671801975362076
37,2,0.0663807965967813
37,3,0.0060364651773981
37,4,0.771819137749737
37,5,0.315926892950392
37,6,0.474926253687316
37,7,0.219665271966527
37,8,0.428571428571428
37,9,0.504132231404959
37,10,0.962109375
37,11,0.5288
37,12,0.333333333333333
37,13,0.0103574340126179
37,14,0
37,15,0.0128530187021463
37,16,0.0154531106452144
37,17,0.297696840899131
37,18,0.0023148148148148
37,19,0
37,20,0.0555555555555555
37,21,0.0042065349409011
37,22,0.0054545454545454
37,23,0.0023759132671382
37,24,0.085362614008678
37,25,0.712856684018242
37,26,0.730658091457524
37,27,0.578298570424186
37,28,0.67752808988764
37,29,0.852008456659619
37,30,0.24427550833486
37,31,0.4
37,32,0.0150932638851674
37,33,0.026720956864741
37,34,0.265583205780569
37,35,0.843175487465181
37,36,0
37,37,0.218473895903614
37,38,0
37,39,0.355083017768715
37,40,0.83
37,41,0.981308411214953
37,42,0.226941457
37,43,0.354833191
37,44,0.002335579
37,45,0.047037487
37,46,0.0315482282872431
37,47,0.0226918239847658
37,48,0.0231169984208088
37,49,0.553176000854178
37,50,0
37,51,0.0514999106159605
38,1,0.324467557447724
38,2,0.220221337547922
38,3,0.0251553602715724
38,4,0.416403785488959
38,5,0.485639686684073
38,6,0.224188790560472
38,7,0.177405857740586
38,8,0.142857142857143
38,9,0.40495867768595
38,10,0.65859375
38,11,0.153
38,12,0.666666666666667
38,13,0.0697090660653118
38,14,0.0588235294117647
38,15,0.0638634366762897
38,16,0.0600928128901557
38,17,0.367964371668719
38,18,0.037037037037037
38,19,0.0263157894736842
38,20,0.111111111111111
38,21,0.0476641881683798
38,22,0.0864935064935065
38,23,0.0281419956523497
38,24,0.469494377047729
38,25,0.340408835810807
38,26,0.688290746806949
38,27,0.162127958753222
38,28,0.651685393258427
38,29,0.774489076814658
38,30,0.387433595896684
38,31,0.8
38,32,0.0858550925125367
38,33,0.123934342791704
38,34,0.545695552960124
38,35,0.963191404695583
38,36,0.5
38,37,0.811244980240963
38,38,0.075
38,39,0.604136323914943
38,40,0.73
38,41,0.523364485981309
38,42,0.252297491
38,43,0.411804962
38,44,0.005728372
38,45,0.188928305
38,46,0.136027646129672
38,47,0.109246621260389
38,48,0.123565042382646
38,49,0.644519466386818
38,50,0.351117998667658
38,51,0.109219557382619
39,1,0.126755705423235
39,2,0.143902768630528
39,3,0.016364159001314
39,4,0.311251314405888
39,5,0.509138381201044
39,6,0.289085545722714
39,7,0.272384937238494
39,8,0.285714285714286
39,9,0.206611570247934
39,10,0.851171875
39,11,0.412
39,12,0.266666666666667
39,13,0.0014109391534443
39,14,0
39,15,0.0066357056190117
39,16,0.0138983769522508
39,17,0.558790908801559
39,18,0.011574074074074
39,19,0.006578947368421
39,20,0.0555555555555555
39,21,0.0027253606659359
39,22,0.0033766233766233
39,23,0.0028264374099322
39,24,0.427521473479147
39,25,0.401138679758026
39,26,0.757583236920599
39,27,0.885868291539723
39,28,0.78314606741573
39,29,0.87737843551797
39,30,0.192617695548635
39,31,0.8
39,32,0.015368666229485
39,33,0.0156326686419573
39,34,0.647658606195502
39,35,0.808024936994296
39,36,0.75
39,37,0.346184739277108
39,38,0
39,39,0.780075735508301
39,40,0.69
39,41,0.392523364485981
39,42,0.250485756
39,43,0.290846878
39,44,0.001084183
39,45,0.159754324
39,46,0.139968360928189
39,47,0.0248778426304186
39,48,0.0272319518981426
39,49,0.699664186417483
39,50,0.125529838490697
39,51,0.0394558949741405
40,1,0.179504507092769
40,2,0.0736388760098226
40,3,0.0091710468681559
40,4,0.557308096740273
40,5,0.449086161879895
40,6,0.631268436578171
40,7,0.213389121338912
40,8,0.571428571428571
40,9,0.371900826446281
40,10,0.61640625
40,11,0.0573
40,12,0.2
40,13,0.007363680504313
40,14,0
40,15,0.0105016526505167
40,16,0.0157593460695861
40,17,0.261199346781282
40,18,0.0023148148148148
40,19,0
40,20,0
40,21,0.0013330568474686
40,22,0.002077922077922
40,23,0.0027581635278533
40,24,0.284778181174179
40,25,0.687546788604703
40,26,0.778318913983736
40,27,0.578298570424186
40,28,0.601123595505618
40,29,0.868217054263566
40,30,0.118794651034988
40,31,0.4
40,32,0.0100050881757094
40,33,0.0161779942922581
40,34,0.449108066156168
40,35,0.944608038201353
40,36,0
40,37,0.603212852048193
40,38,0.00625
40,39,0.452665307311389
40,40,0.82
40,41,0.420560747663551
40,42,0.316276282
40,43,0.368691189
40,44,0.001515699
40,45,0.024660227
40,46,0.0640808674834336
40,47,0.0228140237848333
40,48,0.0167056275971146
40,49,0.552452881604047
40,50,0.360296655521222
40,51,0.0189370341679197
41,1,0.0375493155648045
41,2,0.0496002361163083
41,3,0.20942838370565
41,4,0.241850683491062
41,5,0.595300261096606
41,6,0.0147492625368731
41,7,0.120083682008368
41,8,0.285714285714286
41,9,0.479338842975207
41,10,0.95703125
41,11,0.752
41,12,0.0666666666666666
41,13,0.0451422404010629
41,14,0.0196078431372549
41,15,0.0813355089745199
41,16,0.0640032036936703
41,17,1
41,18,0.324074074074074
41,19,0.105263157894737
41,20,0.277777777777778
41,21,0.0950321414817667
41,22,0.0913419913419913
41,23,0.113239862865265
41,24,0.897192951385814
41,25,0.753010287972032
41,26,0.795367805598671
41,27,0.720178111085071
41,28,0.976404494382022
41,29,0.967582804792107
41,30,0.29822311778714
41,31,1
41,32,0.124829634507665
41,33,0.168342028247869
41,34,0.841502827029816
41,35,0.790754742008224
41,36,0
41,37,0.127710843373494
41,38,0.23125
41,39,0.484707253131372
41,40,0.45
41,41,0.953271028037383
41,42,0.188913347
41,43,0.342001711
41,44,0.012352138
41,45,1
41,46,0.107483527787773
41,47,0.160891311763937
41,48,0.141539359703859
41,49,0.848662647876275
41,50,0.327353844933168
41,51,0.133853179556671
42,1,1
42,2,1
42,3,0.0162409658344283
42,4,0.511041009463722
42,5,0.402088772845953
42,6,0.528023598820059
42,7,0.964016736401674
42,8,0.142857142857143
42,9,0.206611570247934
42,10,0.52890625
42,11,0.2627
42,12,0.466666666666667
42,13,0.102241916689746
42,14,0.0784313725490196
42,15,0.13266390527593
42,16,0.11825398694966
42,17,0.328658624666107
42,18,0.0555555555555555
42,19,0.006578947368421
42,20,0.111111111111111
42,21,0.0494119738128388
42,22,0.15974025974026
42,23,0.0308273736378184
42,24,0.348091738244931
42,25,0.470697766077069
42,26,0.853889297758817
42,27,0.307616592453714
42,28,0.606741573033708
42,29,0.826638477801269
42,30,0.981040483605056
42,31,0.8
42,32,0.146342507702702
42,33,0.172722810971952
42,34,0.439889725327985
42,35,0.887478445417164
42,36,0.75
42,37,0.860240963855421
42,38,0.05
42,39,0.49723274104282
42,40,0.87
42,41,0.457943925233645
42,42,0.289199899
42,43,0.433704021
42,44,0.266520311
42,45,0.29377972
42,46,1
42,47,0.18756141812868
42,48,0.143514763780323
42,49,0.686306978878087
42,50,0.254620286413632
42,51,0.186801808111427
43,1,0.157069319582865
43,2,0.111558968876233
43,3,0.0127881351292159
43,4,0.631545741324921
43,5,0.357702349869452
43,6,0.294985250737463
43,7,0.139330543933054
43,8,0.428571428571428
43,9,0.256198347107438
43,10,0.7640625
43,11,0.6335
43,12,0.266666666666667
43,13,0.0199812734155547
43,14,0.0196078431372549
43,15,0.0291703276013555
43,16,0.0280323196155567
43,17,0.304209441311922
43,18,0.0208333333333333
43,19,0.0197368421052631
43,20,0.0555555555555555
43,21,0.0084723168528009
43,22,0.014025974025974
43,23,0.0025202668339863
43,24,0.215797396617374
43,25,0.666080836664635
43,26,0.94348619730801
43,27,0.299367236934614
43,28,0.766292134831461
43,29,0.813248766737139
43,30,0.263143432863162
43,31,0.4
43,32,0.0282360604150426
43,33,0.046661698144075
43,34,0.509426671013176
43,35,0.902692664809656
43,36,0.25
43,37,0.548594377831325
43,38,0
43,39,0.5170404893679
43,40,0.79
43,41,0.598130841121495
43,42,0.260226604
43,43,0.356030796
43,44,0.007805041
43,45,0.123087916
43,46,0.307239693193672
43,47,0.0293177686995395
43,48,0.0303119003742999
43,49,0.475510736457184
43,50,0.185407666279151
43,51,0.0585515761385631
44,1,0.137041258531801
44,2,0.203226121226259
44,3,0.0174557873412176
44,4,0.580441640378549
44,5,0.472584856396867
44,6,0.333333333333333
44,7,0.152301255230125
44,8,0.714285714285714
44,9,0.148760330578512
44,10,0.310546875
44,11,0.204
44,12,0.4
44,13,0.0320863657262098
44,14,0.0196078431372549
44,15,0.0319149826367097
44,16,0.0389625686085133
44,17,0.183794887363841
44,18,0.0092592592592592
44,19,0.006578947368421
44,20,0.0555555555555555
44,21,0.008294575939805
44,22,0.0153246753246753
44,23,0.0036575987673851
44,24,0.414327459488179
44,25,0.786266837253623
44,26,0.608878459640769
44,27,0.205296461213968
44,28,0.579775280898876
44,29,0.54122621564482
44,30,0.323227697380473
44,31,0.4
44,32,0.0415766383677176
44,33,0.0661661789031683
44,34,0.327995906797609
44,35,0.974386523411593
44,36,0
44,37,0.840160642891566
44,38,0
44,39,0.594523740168948
44,40,0.85
44,41,1
44,42,0.367261147
44,43,0.385457656
44,44,0.259087452
44,45,0.052672911
44,46,0.0434650184850344
44,47,0.0695809056023517
44,48,0.0420228202430806
44,49,0.291191130117382
44,50,0.112306384773606
44,51,0.0618630419826386
45,1,0.262782378894901
45,2,0.44124260710188
45,3,0.0340594886114761
45,4,0.631545741324921
45,5,0.33420365535248
45,6,0.351032448377581
45,7,0.422175732217573
45,8,0.857142857142857
45,9,0.12396694214876
45,10,0.451953125
45,11,0.1738
45,12,0.333333333333333
45,13,0.0115863417027441
45,14,0
45,15,0.0301577339860256
45,16,0.0304822030105297
45,17,0.434652420557292
45,18,0.0810185185185185
45,19,0.0526315789473684
45,20,0.0555555555555555
45,21,0.0735254910092721
45,22,0.0593073593073593
45,23,0.0291666420072112
45,24,0.29301337111485
45,25,0.260926272635244
45,26,0.762938219394473
45,27,0.695383173189595
45,28,0.962921348314607
45,29,0.966878083157153
45,30,0.498992489466935
45,31,0.6
45,32,0.0765806354308292
45,33,0.103284678166979
45,34,0.735653822157264
45,35,0.81774771189813
45,36,0
45,37,0.534136546506024
45,38,0.0875
45,39,0.586076318089135
45,40,0.7
45,41,0.598130841121495
45,42,0.240860716
45,43,0.49597947
45,44,0.775223444
45,45,0.216205261
45,46,0.13012975199256
45,47,0.0821980349593261
45,48,0.0915995597994355
45,49,0.616145493758156
45,50,0.161035655724769
45,51,0.141935663612648
46,1,0.170750654791567
46,2,0.269710842975235
46,3,0.0233622152869031
46,4,0.371819137749737
46,5,0.266318537859008
46,6,0.321533923303835
46,7,0.188284518828452
46,8,0.142857142857143
46,9,0.223140495867769
46,10,0.209765625
46,11,0.429
46,12,0.533333333333333
46,13,0.0090839950203066
46,14,0
46,15,0.0231036358311367
46,16,0.0273256224823914
46,17,0.228016913174305
46,18,0.0300925925925925
46,19,0.006578947368421
46,20,0
46,21,0.0098053737002695
46,22,0.0135930735930735
46,23,0.0098529417622647
46,24,0.268219250863367
46,25,0.822266122702154
46,26,0.643969389775666
46,27,1
46,28,0.797752808988764
46,29,0.501057082452431
46,30,0.249404652866825
46,31,0.2
46,32,0.0688754468727608
46,33,0.106883827458964
46,34,0.506987156929839
46,35,0.935402573285582
46,36,0
46,37,0.85301204819277
46,38,0.05
46,39,0.59131954558695
46,40,0.81
46,41,0.336448598130841
46,42,0.199582667
46,43,0.45748503
46,44,0.035664777
46,45,0.36530037
46,46,0.126521765926079
46,47,0.0854210546861078
46,48,0.053918100377696
46,49,0.463467967615288
46,50,0.543309538871639
46,51,0.075828621001612
47,1,0.167127082064248
47,2,0.216089455659907
47,3,0.0310617882172579
47,4,0.4
47,5,0.140992167101828
47,6,0.374631268436578
47,7,0.133054393305439
47,8,0.571428571428571
47,9,0.148760330578512
47,10,0.15234375
47,11,0
47,12,0.0666666666666666
47,13,0.0000664063278199172
47,14,0
47,15,0.0123676833605288
47,16,0.0087866010223551
47,17,0.151682380967537
47,18,0
47,19,0
47,20,0
47,21,0.0023995023254436
47,22,0.0076190476190476
47,23,0.0087688323642002
47,24,0.236163995395378
47,25,0.970733253251693
47,26,0.0430035559255013
47,27,0.277009608624326
47,28,0.396629213483146
47,29,0.249471458773784
47,30,0.198571166880381
47,31,0
47,32,0.0605854772084533
47,33,0.080053805464163
47,34,0.223010446733318
47,35,0.977238360525268
47,36,0.5
47,37,0.811244980240963
47,38,0
47,39,0.591028255170405
47,40,0.91
47,41,0.532710280373832
47,42,0.136526537
47,43,0.107613345
47,44,0.283872638
47,45,0.038792282
47,46,0.180630305996486
47,47,0.0633690824322512
47,48,0.0381892587504417
47,49,0.771618462419429
47,50,0.541333132143221
47,51,0.0331773433515687
48,1,0.101288268615851
48,2,0.180440211798539
48,3,0.0259253175646079
48,4,0.420609884332282
48,5,0.731070496083551
48,6,0.333333333333333
48,7,0.258995815899581
48,8,0.285714285714286
48,9,0.12396694214876
48,10,0.544921875
48,11,0.198
48,12,0.466666666666667
48,13,0.010869153362289
48,14,0
48,15,0.0178318898790845
48,16,0.0333796612565075
48,17,0.535815629751321
48,18,0.0023148148148148
48,19,0
48,20,0.0555555555555555
48,21,0.0102201024972598
48,22,0.0227705627705627
48,23,0.010038418797966
48,24,0.599309306650138
48,25,0.276510982027665
48,26,0.673538117137554
48,27,0.695383173189595
48,28,0.766292134831461
48,29,0.875264270613108
48,30,0.372229346034072
48,31,1
48,32,0.0513905746655256
48,33,0.0454801592350898
48,34,0.123573262062102
48,35,0.317402838572755
48,36,0
48,37,0.886746987951807
48,38,0.01875
48,39,0.527235653946985
48,40,0.49
48,41,0.878504672897196
48,42,0.171201736
48,43,0.95295124
48,44,0.092754311
48,45,0.036255599
48,46,0.0495126405522351
48,47,0.115354914044321
48,48,0.0852569197766007
48,49,0.881741008230085
48,50,0.255269722291368
48,51,0.11027978365193
49,1,0.166188954185912
49,2,0.0414104121949897
49,3,0.0116725525624178
49,4,0.710830704521556
49,5,0.06266318537859
49,6,0.793510324483776
49,7,0.0150627615062761
49,8,0.428571428571428
49,9,0.355371900826446
49,10,0.4953125
49,11,0.009
49,12,0.0666666666666666
49,13,0.0045437553247132
49,14,0
49,15,0.0056985063386469
49,16,0.0076087724670796
49,17,0.0595462235486816
49,18,0
49,19,0
49,20,0
49,21,0.0005332227389874
49,22,0.0042424242424242
49,23,0.0009487593290903
49,24,0.1953422474099
49,25,1
49,26,0
49,27,0
49,28,0.201123595505618
49,29,0.295983086680761
49,30,0.0852720278439274
49,31,0
49,32,0.0252361913485544
49,33,0.0382455056077654
49,34,0.0688461098385818
49,35,0.961546624220719
49,36,0
49,37,0.818473895903614
49,38,0
49,39,0.437518205651034
49,40,0.98
49,41,0.962616822429907
49,42,0.130143306
49,43,0.008383234
49,44,0.179553705
49,45,0.009004694
49,46,0.0466699704871293
49,47,0.00838765849908096
49,48,0.0100638064411272
49,49,0.375464315528366
49,50,0.633834363530931
49,51,0.0107462058216483
50,1,0.170690355419424
50,2,0.131943854219057
50,3,0.0158440100744634
50,4,0.557308096740273
50,5,0.383812010443864
50,6,0.587020648967551
50,7,0.130125523012552
50,8,0.285714285714286
50,9,0.322314049586777
50,10,0.621875
50,11,0.3284
50,12,0.333333333333333
50,13,0.016228534642814
50,14,0.0196078431372549
50,15,0.0174971758503828
50,16,0.0175260889024993
50,17,0.259745029245493
50,18,0.0023148148148148
50,19,0
50,20,0.0555555555555555
50,21,0.0019847735284533
50,22,0.0066666666666666
50,23,0.0008802364114198
50,24,0.265562737979279
50,25,0.393247276338627
50,26,0.722422415071089
50,27,0.162127958753222
50,28,0.707865168539326
50,29,0.780126849894292
50,30,0.202692800879282
50,31,0.4
50,32,0.0151391182373807
50,33,0.0209586824932288
50,34,0.187626698214837
50,35,0.849847459875315
50,36,0.5
50,37,0.72851405686747
50,38,0.00625
50,39,0.454995630643752
50,40,0.73
50,41,0.420560747663551
50,42,0.19915915
50,43,0.607698888
50,44,0.006451161
50,45,0.005637081
50,46,0.0702187061245756
50,47,0.0278106378320398
50,48,0.0145264569110437
50,49,0.705975846162965
50,50,0.174045792805664
50,51,0.0240756490790348
51,1,0.14096474650746
51,2,0.229545127642448
51,3,0.0139276719229084
51,4,0.557308096740273
51,5,0.281984334203655
51,6,0.852507374631268
51,7,0.108786610878661
51,8,0.142857142857143
51,9,0.256198347107438
51,10,0.550390625
51,11,0.219
51,12,0.2
51,13,0.0096539175631846
51,14,0
51,15,0.016467930212125
51,16,0.0189394831688299
51,17,0.228024258212365
51,18,0.0046296296296296
51,19,0
51,20,0.0555555555555555
51,21,0.0034067008324199
51,22,0.0053679653679653
51,23,0.0007839613058522
51,24,0.123350748251129
51,25,0.395483323977802
51,26,0.636434927041074
51,27,0.162127958753222
51,28,0.793258426966292
51,29,0.753347427766032
51,30,0.235757464737131
51,31,0.2
51,32,0.01921794573607
51,33,0.0233035827895224
51,34,0.273830058699458
51,35,0.914298978644382
51,36,0.75
51,37,0.894779117108434
51,38,0
51,39,0.51267113311972
51,40,0.83
51,41,0.420560747663551
51,42,0.175910003
51,43,0.455774166
51,44,0.905136656
51,45,0.038534383
51,46,0.124531425453412
51,47,0.0232858507906497
51,48,0.02398785809758
51,49,0.627032011776966
51,50,0.275273191866111
51,51,0.0247713742002837
52,1,0.132382924186875
52,2,0.215236614442956
52,3,0.0409103975032851
52,4,0.82018927444795
52,5,0.33420365535248
52,6,0.392330383480826
52,7,0.0811715481171548
52,8,0.571428571428571
52,9,0.735537190082645
52,10,1
52,11,0.23
52,12,0.133333333333333
52,13,0.0089254010844543
52,14,0
52,15,0.0119409229739341
52,16,0.0148877529386822
52,17,0.118073935153107
52,18,0.0046296296296296
52,19,0.006578947368421
52,20,0
52,21,0.0036436887164143
52,22,0.0096103896103896
52,23,0.003799365722428
52,24,0.211281324714425
52,25,0.656070508358434
52,26,0.583148619028799
52,27,0.632763065385517
52,28,0.833707865168539
52,29,0.603946441155743
52,30,0.0789521890456127
52,31,0.2
52,32,0.0348534511477123
52,33,0.0635849708250777
52,34,0.26737506125771
52,35,0.820931157978512
52,36,0.5
52,37,0.269879518072289
52,38,0.00625
52,39,0.529857267695893
52,40,0.87
52,41,0.813084112149533
52,42,0.220748294
52,43,0.367493584
52,44,0.130711516
52,45,0.036395088
52,46,0.0600690815439366
52,47,0.0512882744200177
52,48,0.0421125745830264
52,49,0.608119891913572
52,50,0.223967000244674
52,51,0.0904535524158068
53,1,0.0234412864881293
53,2,0.206158898231691
53,3,0.02626067674113
53,4,0.82018927444795
53,5,0.503916449086162
53,6,0.336283185840708
53,7,0.0485355648535564
53,8,0.142857142857143
53,9,1
53,10,1
53,11,0
53,12,0
53,13,0.0119300921055766
53,14,0
53,15,0.0132128362830007
53,16,0.0221902899813903
53,17,0.197224065282698
53,18,0
53,19,0
53,20,0.0555555555555555
53,21,0.0073762478893266
53,22,0.007099567099567
53,23,0.0020246824820478
53,24,0.480297529443018
53,25,0.664488445651414
53,26,0.876044441289137
53,27,0.632763065385517
53,28,0.544943820224719
53,29,0.422832980972516
53,30,0.0988276241069792
53,31,0.4
53,32,0.0141626415200662
53,33,0.0297202479413956
53,34,0.241792546312987
53,35,0.838625812441968
53,36,0.75
53,37,0.325301204819277
53,38,0.00625
53,39,0.256626856976405
53,40,0.74
53,41,0.813084112149533
53,42,0.239877932
53,43,0.357057314
53,44,0.120333562
53,45,0.018543581
53,46,0.0757244250506448
53,47,0.0143958153357355
53,48,0.0135836320427845
53,49,0.568393783403208
53,50,0.301869740009626
53,51,0.032122534296772
54,1,0.0850502104465041
54,2,0.228945728709505
54,3,0.0753360435830048
54,4,0.241850683491062
54,5,0.436031331592689
54,6,0.156342182890855
54,7,0.288702928870293
54,8,0.285714285714286
54,9,0.454545454545454
54,10,0.955078125
54,11,0.95
54,12,0
54,13,0.0347375407080555
54,14,0.0196078431372549
54,15,0.0854692272289862
54,16,0.0478905090575015
54,17,0.433229931519762
54,18,0.0555555555555555
54,19,0.0328947368421052
54,20,0.111111111111111
54,21,0.0472494593713896
54,22,0.0383549783549783
54,23,0.0552302432656345
54,24,0.559107411670947
54,25,0.525864794231441
54,26,0.998043114451762
54,27,0.720178111085071
54,28,0.943820224719101
54,29,0.932346723044397
54,30,0.313885326982964
54,31,0.8
54,32,0.0633093914685491
54,33,0.0849253812735171
54,34,0.768641233832822
54,35,0.814298978644383
54,36,0
54,37,0
54,38,0.025
54,39,0.41858432857559
54,40,0.64
54,41,0.953271028037383
54,42,0.158645055
54,43,0.39760479
54,44,0.021877849
54,45,0.197711965
54,46,0.213892717672282
54,47,0.0982808864237719
54,48,0.092061269061679
54,49,0.808238603077928
54,50,0.309913793204472
54,51,0.089284207968413
55,1,0.197021803357236
55,2,0.357073467714201
55,3,0.0458073258869908
55,4,0.71713985278654
55,5,0.488250652741514
55,6,0.286135693215339
55,7,0.232217573221757
55,8,0.714285714285714
55,9,0.545454545454545
55,10,0.998046875
55,11,0.473
55,12,0.4
55,13,0.0315512088490728
55,14,0.0196078431372549
55,15,0.0599472825404794
55,16,0.0576664860662881
55,17,0.264056566586442
55,18,0.0162037037037037
55,19,0
55,20,0.0555555555555555
55,21,0.0190775246615516
55,22,0.026060606060606
55,23,0.0119963032955868
55,24,0.405472416541221
55,25,0.456111456447995
55,26,0.749039575685529
55,27,0.578298570424186
55,28,1
55,29,0.711064129668781
55,30,0.223392562740429
55,31,0.6
55,32,0.0739807489065394
55,33,0.0984131023576245
55,34,0.271433721856535
55,35,0.813847990449662
55,36,0.5
55,37,0.142168674698795
55,38,0.0375
55,39,0.471016603553743
55,40,0.72
55,41,0.504672897196262
55,42,0.29382605
55,43,0.438152267
55,44,0.071658585
55,45,0.163085861
55,46,0.18460796414387
55,47,0.115438077797145
55,48,0.100433489204008
55,49,0.619655947873068
55,50,0.224492951002988
55,51,0.138066224673555
56,1,0.048477907303574
56,2,0.0950923329692285
56,3,0.0165557928164695
56,4,0.4
56,5,0.201044386422977
56,6,0.52212389380531
56,7,0.009205020920502
56,8,0.428571428571428
56,9,0.330578512396694
56,10,0.20078125
56,11,0.406
56,12,0.0666666666666666
56,13,0.0091152450569278
56,14,0
56,15,0.0072800301242625
56,16,0.008456809026878
56,17,0.121011950376923
56,18,0
56,19,0
56,20,0
56,21,0.0013330568474686
56,22,0.001038961038961
56,23,0.0001905494742431
56,24,0.385814221198973
56,25,0.977240842535215
56,26,0.370635501375128
56,27,0.277009608624326
56,28,0.225842696629213
56,29,0.141649048625793
56,30,0.0594431214508151
56,31,0
56,32,0.0229152981720687
56,33,0.0438441822841873
56,34,0.145723186393988
56,35,0.960206923995225
56,36,0
56,37,0.819277108433735
56,38,0.0125
56,39,0.386251092339062
56,40,0.99
56,41,0.532710280373832
56,42,1
56,43,0.226860565
56,44,0.01080947
56,45,0.014865494
56,46,0.0237735983586404
56,47,0.0111558234145
56,48,0.0120917693653074
56,49,0.596344291432186
56,50,0.475641189611568
56,51,0.00678390034801734
57,1,0.0355824801948134
57,2,0.0151530137961535
57,3,0.0098417652212001
57,4,0.771819137749737
57,5,0.321148825065274
57,6,0.587020648967551
57,7,0.0711297071129707
57,8,0.285714285714286
57,9,0.677685950413223
57,10,0.923828125
57,11,0.431
57,12,0.266666666666667
57,13,0.005526568976448
57,14,0
57,15,0.0060666917702188
57,16,0.0069256319050199
57,17,0.185134132636697
57,18,0
57,19,0
57,20,0.0555555555555555
57,21,0.0008590810794798
57,22,0.0031168831168831
57,23,0.0003790707247574
57,24,0
57,25,0.572314114751125
57,26,0.880609106195058
57,27,0.578298570424186
57,28,0.825842696629214
57,29,0.723044397463002
57,30,0.0683275325151126
57,31,0.2
57,32,0.0064936392279011
57,33,0.0130878156072201
57,34,0.225471549436861
57,35,0.780952380952381
57,36,1
57,37,0.125301204819277
57,38,0
57,39,0.421205942324497
57,40,0.79
57,41,0.981308411214953
57,42,0.257493874
57,43,0.425149701
57,44,0.006472736
57,45,0.004936324
57,46,0.00645298192908725
57,47,0.0114053146729713
57,48,0.0112936834776815
57,49,0.672773941920575
57,50,0.129440297565525
57,51,0.028382334618245
58,1,0.417352736566937
58,2,0.112496700210117
58,3,0.003805300043802
58,4,0.416403785488959
58,5,0.404699738903394
58,6,0.492625368731563
58,7,0.0807531380753138
58,8,0.714285714285714
58,9,0.380165289256198
58,10,0.67734375
58,11,0.2819
58,12,1
58,13,0.0115922010846106
58,14,0
58,15,0.0326931927534412
58,16,0.0402581800193163
58,17,0.217822000347665
58,18,0.011574074074074
58,19,0
58,20,0.111111111111111
58,21,0.0068134016648398
58,22,0.0103030303030303
58,23,0.0008023463018969
58,24,0.282121668290091
58,25,0.644533592490275
58,26,0.710170711188187
58,27,0.632763065385517
58,28,0.613483146067416
58,29,0.688513037350247
58,30,0.674390914086829
58,31,0.4
58,32,0.0356437481457991
58,33,0.0523694399505571
58,34,0.157661693368192
58,35,0.911752221780077
58,36,0.5
58,37,0.678714859759036
58,38,0.0125
58,39,0.622487620157297
58,40,0.84
58,41,0.523364485981309
58,42,0.056997689
58,43,0.353806672
58,44,0.055465956
58,45,0.057514348
58,46,0.127797218103053
58,47,0.0374101110151239
58,48,0.0325945715604884
58,49,0.516778548075664
58,50,0.344577981929622
58,51,0.0632266322647749
59,1,0.21967067994094
59,2,0.305424816190382
59,3,0.0614220597897503
59,4,0.311251314405888
59,5,0.415143603133159
59,6,0.079646017699115
59,7,0.400836820083682
59,8,0.285714285714286
59,9,0.165289256198347
59,10,0.7734375
59,11,0.3003
59,12,0.2
59,13,0.0085464943904231
59,14,0
59,15,0.0143759675327392
59,16,0.0183034557489811
59,17,0.718986188880102
59,18,0.122685185185185
59,19,0.0855263157894736
59,20,0.0555555555555555
59,21,0.0241727641674319
59,22,0.031082251082251
59,23,0.0192262714929106
59,24,0.621358363588064
59,25,0.620458839364904
59,26,0.764117513709393
59,27,0.885868291539723
59,28,0.857303370786517
59,29,0.923890063424947
59,30,0.268089393661843
59,31,0.8
59,32,0.0641955406366241
59,33,0.0729282169668987
59,34,1
59,35,0.851518769067515
59,36,0.25
59,37,0.228915662650603
59,38,0.0375
59,39,0.0066996795805418
59,40,0.58
59,41,0.392523364485981
59,42,0.203956523
59,43,0.333618477
59,44,0.003489884
59,45,0.527829383
59,46,0.173311031086775
59,47,0.136033835766863
59,48,0.133580332964343
59,49,0.962847814400797
59,50,0.190084910844171
59,51,0.0854526895309234
60,1,0.179170985518355
60,2,0.192478592365283
60,3,0.0168056011826544
60,4,0.71713985278654
60,5,0.328981723237598
60,6,0.575221238938053
60,7,0.138075313807531
60,8,0
60,9,0.330578512396694
60,10,0.639453125
60,11,0.3779
60,12,0.466666666666667
60,13,0.0087273539773679
60,14,0
60,15,0.0265009832224593
60,16,0.0289745824597771
60,17,0.0867057259468366
60,18,0
60,19,0
60,20,0.0555555555555555
60,21,0.0055099683028705
60,22,0.0154112554112554
60,23,0.0003328106034697
60,24,0.145842557336403
60,25,0.76435087654144
60,26,0.717160325003606
60,27,0.632763065385517
60,28,0.731460674157303
60,29,0.730091613812544
60,30,0.234291994870855
60,31,0.2
60,32,0.0302627675366655
60,33,0.0514787413883991
60,34,0.226745278029045
60,35,0.87669452181987
60,36,0
60,37,0.396787148915662
60,38,0.00625
60,39,0.505971453539178
60,40,0.83
60,41,0.504672897196262
60,42,0.281399656
60,43,0.490675791
60,44,0.013452504
60,45,0.01937459
60,46,0.0607150471656847
60,47,0.0274559189679548
60,48,0.0243646646058208
60,49,0.527629328571501
60,50,0.168447740628928
60,51,0.0670233257518126
61,1,0.0509880895313934
61,2,0.121116296338862
61,3,0.0563916721419185
61,4,0.82018927444795
61,5,0.5822454308094
61,6,0.168141592920354
61,7,0.102928870292887
61,8,0.428571428571428
61,9,0.702479338842975
61,10,0.96328125
61,11,1
61,12,0.0666666666666666
61,13,0.0348898846365835
61,14,0.0392156862745098
61,15,0.0412786075896406
61,16,0.0629902711361334
61,17,0.200742338513217
61,18,0.0046296296296296
61,19,0
61,20,0.0555555555555555
61,21,0.0116716532867257
61,22,0.0154112554112554
61,23,0.0113602034190828
61,24,0.478703621712565
61,25,0.802652957412647
61,26,0.814585308799126
61,27,0.632763065385517
61,28,0.635955056179775
61,29,0.479915433403805
61,30,0.13235024729804
61,31,0.6
61,32,0.0413711224758698
61,33,0.0575682111500917
61,34,0.221736718141133
61,35,0.860724233983287
61,36,0.75
61,37,0.295582329638554
61,38,0.00625
61,39,0.374308185260705
61,40,0.73
61,41,0.813084112149533
61,42,0.308208889
61,43,0.252523524
61,44,0.015615476
61,45,0.019139505
61,46,0.02623268318095
61,47,0.0280533402127295
61,48,0.0435154915182149
61,49,0.588322191744794
61,50,0.328349283397831
61,51,0.0859773854510644
62,1,0.0141944033738593
62,2,0.0007985504308953
62,3,0
62,4,0.580441640378549
62,5,0.678851174934726
62,6,0.348082595870207
62,7,0.005439330543933
62,8,0.571428571428571
62,9,0.495867768595041
62,10,0.40703125
62,11,0.019
62,12,0.0666666666666666
62,13,0.0065402420393461
62,14,0
62,15,0.0055729885778837
62,16,0.0043579656545193
62,17,0.356138860392862
62,18,0
62,19,0
62,20,0
62,21,0.0008294575939805
62,22,0.0021645021645021
62,23,0
62,24,0.325422828300717
62,25,0.766575900290091
62,26,0.426782306483956
62,27,0.632763065385517
62,28,0.358426966292135
62,29,0.42353770260747
62,30,0.0012822861329913
62,31,0.2
62,32,0
62,33,0
62,34,0
62,35,0.830401910067648
62,36,0
62,37,0.787148594698795
62,38,0
62,39,0.363821730265074
62,40,0.8
62,41,1
62,42,0.112666704
62,43,0.267065868
62,44,0.006472736
62,45,0.000681496
62,46,0.00523840947051182
62,47,0.00137983940909608
62,48,0.00297078779243945
62,49,0.612320804269383
62,50,0.0473963683538149
62,51,0.00316829660332911
63,1,0.58676387375484
63,2,0.857274333388716
63,3,0.0359073861147612
63,4,0.592429022082019
63,5,0
63,6,0.775811209439528
63,7,0.515899581589958
63,8,0.857142857142857
63,9,0.173553719008264
63,10,0
63,11,0.431
63,12,0.2
63,13,0.012318764436052
63,14,0
63,15,0.0155976737375005
63,16,0.020423547148477
63,17,0.0214132342895756
63,18,0.0023148148148148
63,19,0
63,20,0.0555555555555555
63,21,0.0077317297153183
63,22,0.018008658008658
63,23,0.003289966100044
63,24,0.0278933852829185
63,25,0.946384820734226
63,26,0.194771987525093
63,27,0.261073353644246
63,28,0.602247191011236
63,29,0.377730796335447
63,30,0.468858765341638
63,31,0
63,32,0.15973114985589
63,33,0.180520967771254
63,34,0.128884062632905
63,35,0.959450855551134
63,36,0.5
63,37,0.804819277108433
63,38,0
63,39,0.592193416836586
63,40,0.93
63,41,0.700934579439253
63,42,0
63,43,0.13823781
63,44,0.283085122
63,45,0.055521015
63,46,0.707920779903726
63,47,0.121897695006271
63,48,0.108373109599752
63,49,0.809615973939166
63,50,0.280067492442252
63,51,0.0674133651968732
64,1,0.110557100633233
64,2,0.0449568644098108
64,3,0.0189888578624616
64,4,0.631545741324921
64,5,0.378590078328982
64,6,0.330383480825959
64,7,0.131380753138075
64,8,0.714285714285714
64,9,0.173553719008264
64,10,0.643359375
64,11,0.05
64,12,0.0666666666666666
64,13,0.0069117268496799
64,14,0
64,15,0.0027864942889418
64,16,0.0139454900944618
64,17,0.292817287281577
64,18,0.011574074074074
64,19,0
64,20,0
64,21,0.0023698788399443
64,22,0.0042424242424242
64,23,0.0028351750891363
64,24,0.245019038342336
64,25,0.286735416788781
64,26,0.934666786537952
64,27,0.299367236934614
64,28,0.753932584269663
64,29,0.840732910500352
64,30,0.119893753434695
64,31,0.6
64,32,0.0166219264463042
64,33,0.0213585879701161
64,34,0.498697126770537
64,35,0.914179599416368
64,36,0
64,37,0.685140562891566
64,38,0.0125
64,39,0.553743081852607
64,40,0.75
64,41,0.598130841121495
64,42,0.225717744
64,43,0.498545766
64,44,0.000253516
64,45,0.109767215
64,46,0.0356068720375692
64,47,0.0283215008850999
64,48,0.0219784929195146
64,49,0.575654422543154
64,50,0.252206140265168
64,51,0.0329560114442526
65,1,0.196753266187695
65,2,0.0403906050639027
65,3,0.0165763250109505
65,4,0.710830704521556
65,5,0.14621409921671
65,6,0.35693215339233
65,7,0.0401673640167364
65,8,0.428571428571428
65,9,0.338842975206611
65,10,0.537890625
65,11,0.0757
65,12,0.2
65,13,0.0133050937169067
65,14,0
65,15,0.035170076565834
65,16,0.0315893618524887
65,17,0
65,18,0
65,19,0
65,20,0.0555555555555555
65,21,0.0041176644844032
65,22,0.0084848484848484
65,23,0.0002203200827502
65,24,0.341096254316833
65,25,0.854384798323491
65,26,0.225320837165876
65,27,0
65,28,0.0179775280898876
65,29,0.143763213530655
65,30,0.463546437076387
65,31,0
65,32,0.0822466864705905
65,33,0.103684583643866
65,34,0.0693858253437448
65,35,0.88088605915904
65,36,0.25
65,37,0.93574297253012
65,38,0
65,39,0.588406641421497
65,40,0.96
65,41,0.962616822429907
65,42,0.20033494
65,43,0.092557742
65,44,0.021419363
65,45,0.015068845
65,46,0.00855262645120632
65,47,0.0398693819914834
65,48,0.0315539063757117
65,49,0.466862668064881
65,50,0.891362850940218
65,51,0.0356986697642815
66,1,0.319922851432532
66,2,0.135032800384753
66,3,0.0066318988173455
66,4,0.416403785488959
66,5,0.232375979112272
66,6,0.752212389380531
66,7,0.198744769874477
66,8,0.285714285714286
66,9,0.56198347107438
66,10,0.76015625
66,11,0.0633
66,12,0.466666666666667
66,13,0.0086265726092647
66,14,0
66,15,0.0089284967156185
66,16,0.0158300157829026
66,17,0.153459880177946
66,18,0.0023148148148148
66,19,0
66,20,0.0555555555555555
66,21,0.0027846076369345
66,22,0.0039826839826839
66,23,0.0004924697919534
66,24,0.0140795182856637
66,25,0.810151856229162
66,26,0.53895277601458
66,27,0.578298570424186
66,28,0.689887640449438
66,29,0.84707540521494
66,30,0.298681077120352
66,31,0.2
66,32,0.0201988421499835
66,33,0.0331194444949375
66,34,0.168628712433102
66,35,0.929606048547553
66,36,0.5
66,37,0.562248996626506
66,38,0
66,39,0.520535974366443
66,40,0.81
66,41,0.523364485981309
66,42,0.216884435
66,43,0.330710009
66,44,0.001143517
66,45,0.018493374
66,46,0.245159572283131
66,47,0.0316769037286214
66,48,0.022707039408624
66,49,0.456845917909438
66,50,0.255246063290585
66,51,0.0410268871834122
67,1,0.0137539440851795
67,2,0.070257189422804
67,3,0.0553855946123521
67,4,0.443743427970557
67,5,0.360313315926893
67,6,0.117994100294985
67,7,0.0531380753138075
67,8,0.428571428571428
67,9,0.636363636363636
67,10,1
67,11,0.802
67,12,0.133333333333333
67,13,0.0090972762858706
67,14,0
67,15,0.016576712271453
67,16,0.0229912133989776
67,17,0.307074006155142
67,18,0.0092592592592592
67,19,0.006578947368421
67,20,0.0555555555555555
67,21,0.0059246970998607
67,22,0.0076190476190476
67,23,0.0040687044825516
67,24,0.277339945098734
67,25,0.577599027958364
67,26,0.695441709126982
67,27,0.578298570424186
67,28,0.729213483146067
67,29,0.805496828752643
67,30,0.131067961165049
67,31,0.6
67,32,0.0266665156603662
67,33,0.0384999909112391
67,34,0.543623045420298
67,35,0.802692664809656
67,36,0.25
67,37,0.0851405628915663
67,38,0.0125
67,39,0.299737838625109
67,40,0.65
67,41,0.869158878504673
67,42,0.299530728
67,43,0.317707442
67,44,0.026958947
67,45,0.191683811
67,46,0.0138817467438489
67,47,0.0208622214226433
67,48,0.0250430780401857
67,49,0.470256153478316
67,50,0.4095718389393
67,51,0.0636615572015289
68,1,0.217684800612396
68,2,0.163375456194832
68,3,0.0169390604467805
68,4,0.557308096740273
68,5,0.25065274151436
68,6,0.696165191740413
68,7,0.257322175732217
68,8,0.142857142857143
68,9,0.247933884297521
68,10,0.463671875
68,11,0.1687
68,12,0.2
68,13,0.0085828225579951
68,14,0
68,15,0.0166352872264758
68,16,0.0143930649454665
68,17,0.343052450916783
68,18,0.0046296296296296
68,19,0
68,20,0.0555555555555555
68,21,0.0030808424919276
68,22,0.006060606060606
68,23,0.0012642013605995
68,24,0.141149384574515
68,25,0.607369808513508
68,26,0.595366675077703
68,27,0.162127958753222
68,28,0.698876404494382
68,29,0.815362931642001
68,30,0.238322037003114
68,31,0.2
68,32,0.0233022978555079
68,33,0.0296111828113355
68,34,0.417567092034447
68,35,0.883419551664677
68,36,0.75
68,37,0.783132530120481
68,38,0
68,39,0.498106612292455
68,40,0.83
68,41,0.420560747663551
68,42,0.185166776
68,43,0.442429427
68,44,0.001548063
68,45,0.028039523
68,46,0.180172984024866
68,47,0.0582740296572126
68,48,0.0300272739989763
68,49,0.727696775378519
68,50,0.207746464364097
68,51,0.0276889311603596
69,1,0.0548363414560204
69,2,0.0043324149611078
69,3,0.0038395203679369
69,4,0.771819137749737
69,5,0.428198433420366
69,6,0.648967551622419
69,7,0.000836820083682
69,8,0.285714285714286
69,9,0.644628099173554
69,10,0.85078125
69,11,0.919
69,12,0.0666666666666666
69,13,0.0053296937457348
69,14,0
69,15,0.0067361198276222
69,16,0.0041695130856752
69,17,0.115490930102169
69,18,0
69,19,0
69,20,0
69,21,0.0004147287969902
69,22,0.0015584415584415
69,23,4.11808933066325e-7
69,24,0.377667581687771
69,25,0.969844982735447
69,26,0.659690218714541
69,27,0.632763065385517
69,28,0.519101123595506
69,29,0.443269908386187
69,30,0.0315076021249313
69,31,0.2
69,32,0.0014623671121536
69,33,0.0048897533310308
69,34,0.0205307778163974
69,35,0.933227218463987
69,36,0.5
69,37,0.654618474216867
69,38,0
69,39,0.462569181473929
69,40,0.83
69,41,0.280373831775701
69,42,0.171548152
69,43,0.18716852
69,44,0.013786928
69,45,0.0000637052
69,46,0.00631105369343454
69,47,0.0042498374912381
69,48,0.00189211851777581
69,49,0.476878827854941
69,50,0.247102079014093
69,51,0
70,1,0.173742995448827
70,2,0.234925799948636
70,3,0.0064881734559789
70,4,0.511041009463722
70,5,0.389033942558747
70,6,1
70,7,0.114225941422594
70,8,0.714285714285714
70,9,0.107438016528926
70,10,0.498046875
70,11,0.1574
70,12,0.333333333333333
70,13,0.0096957144871654
70,14,0
70,15,0.0152880632609514
70,16,0.0132387929612965
70,17,0.422966465004566
70,18,0.0046296296296296
70,19,0
70,20,0.0555555555555555
70,21,0.002932725064431
70,22,0.0066666666666666
70,23,0.0028600956392162
70,24,0.235278491100682
70,25,0.241218010051251
70,26,0.78679187244581
70,27,0.307616592453714
70,28,0.742696629213483
70,29,0.797040169133192
70,30,0.102766074372596
70,31,0.6
70,32,0.011847825426404
70,33,0.0123607147401523
70,34,0.389178056462877
70,35,0.902175354821594
70,36,1
70,37,1
70,38,0.00625
70,39,0.617535683076027
70,40,0.78
70,41,0.457943925233645
70,42,0.17952422
70,43,0.505389222
70,44,0.000911577
70,45,0.02665585
70,46,0.074919772375656
70,47,0.0135556917102711
70,48,0.010139006023244
70,49,0.664332027927079
70,50,0.244829224232309
70,51,0.0165472686791361
71,1,0.13789715538204
71,2,0.0338682399976134
71,3,0.0166071233026719
71,4,0.557308096740273
71,5,0.430809399477807
71,6,0.212389380530973
71,7,0.0694560669456067
71,8,0.428571428571428
71,9,0.231404958677686
71,10,0.564453125
71,11,0.718
71,12,0.133333333333333
71,13,0.0093464953279242
71,14,0
71,15,0.0224007363708631
71,16,0.0202350945796329
71,17,0.379172899747576
71,18,0.0023148148148148
71,19,0
71,20,0.0555555555555555
71,21,0.0017181621589596
71,22,0.0038095238095238
71,23,0.0002098493039235
71,24,0.329053395908971
71,25,0.574355790244158
71,26,0.891391847916114
71,27,0.574080149988282
71,28,0.625842696629213
71,29,0.944326990838619
71,30,0.174757281553398
71,31,0.4
71,32,0.0129519208830111
71,33,0.0201952265828077
71,34,0.741763401675709
71,35,0.96069770526595
71,36,1
71,37,0.473895582650603
71,38,0
71,39,0.453830468977571
71,40,0.75
71,41,0.420560747663551
71,42,0.098045493
71,43,0.472711719
71,44,0.000544789
71,45,0.044260509
71,46,0.217218049085379
71,47,0.0185064808324522
71,48,0.0257093625096931
71,49,0.52853978761875
71,50,0.505602310017718
71,51,0.0224156597741641
72,1,0.0460746254122808
72,2,0.0441628680599323
72,3,0.0459613173455978
72,4,0.4
72,5,0.227154046997389
72,6,0.224188790560472
72,7,0.0271966527196652
72,8,0.571428571428571
72,9,0.256198347107438
72,10,0.21015625
72,11,0.1355
72,12,0.133333333333333
72,13,0.0051996154682993
72,14,0
72,15,0.0156729843939584
72,16,0.0059126993474829
72,17,0.0728921577028638
72,18,0.0046296296296296
72,19,0
72,20,0.0555555555555555
72,21,0.0022217614124477
72,22,0.0042424242424242
72,23,0.0006873780342198
72,24,0.51385814221199
72,25,0.948897343181121
72,26,0.114688375797582
72,27,0.277009608624326
72,28,0.323595505617978
72,29,0.202959830866807
72,30,0.0995603590401172
72,31,0
72,32,0.045253273475909
72,33,0.0685474342428153
72,34,0.404009438544754
72,35,0.938705398593978
72,36,0.25
72,37,0.778313253012048
72,38,0.00625
72,39,0.399941741916691
72,40,0.91
72,41,0.532710280373832
72,42,0.20688901
72,43,0.127117194
72,44,0.008565588
72,45,0.023826376
72,46,0.103918771801894
72,47,0.0577512860680347
72,48,0.0294337633186142
72,49,0.79660787555836
72,50,0.609834692356721
72,51,0.0172762709752611
73,1,0.0507427847631611
73,2,0.0404559996205273
73,3,0.023235600087604
73,4,0.4
73,5,0.122715404699739
73,6,0.200589970501475
73,7,0.00836820083682
73,8,0.428571428571428
73,9,0.355371900826446
73,10,0.258203125
73,11,1
73,12,0.133333333333333
73,13,0.0005777350520332
73,14,0
73,15,0.0051629638927241
73,16,0
73,17,0.170084149652702
73,18,0
73,19,0
73,20,0
73,21,0.0009183280504784
73,22,0.0064069264069264
73,23,0.0054483298779163
73,24,0.3248915257239
73,25,0.925663375379105
73,26,0.110617413860795
73,27,0.277009608624326
73,28,0.210112359550562
73,29,0.131782945736434
73,30,0.117329181168712
73,31,0
73,32,0.0448480425439994
73,33,0.0567138676312871
73,34,0.0122623362773015
73,35,0.938108502453906
73,36,0
73,37,0.604819277108434
73,38,0
73,39,0.392659481503058
73,40,0.92
73,41,0.532710280373832
73,42,0.401980939
73,43,0.102480753
73,44,0
73,45,0.003168051
73,46,0.0242345055290212
73,47,0.0136286721464225
73,48,0.00681647824993592
73,49,0.805027091470315
73,50,0.274836723633131
73,51,0.0080553979834032
74,1,0.0102325765162697
74,2,0.0208081590301465
74,3,0.0271948915900131
74,4,0.443743427970557
74,5,0.297650130548303
74,6,0.404129793510325
74,7,0.0225941422594142
74,8,0.285714285714286
74,9,0.537190082644628
74,10,1
74,11,0
74,12,0
74,13,0.0095285267912423
74,14,0
74,15,0.0079159867787958
74,16,0.0093755152999929
74,17,0.185861291404592
74,18,0
74,19,0
74,20,0.0555555555555555
74,21,0.0012145629054714
74,22,0.0015584415584415
74,23,0.00038606780478
74,24,0.202603382626405
74,25,0.655594073755227
74,26,0.721343628817767
74,27,0.578298570424186
74,28,0.612359550561798
74,29,0.793516560958421
74,30,0.0424070342553581
74,31,0.4
74,32,0.0067021936611606
74,33,0.0155599585552505
74,34,0.423288076389174
74,35,0.751293274970155
74,36,0
74,37,0.0674698795180725
74,38,0
74,39,0.337896883192543
74,40,0.79
74,41,0.869158878504673
74,42,0.176912222
74,43,0.320444825
74,44,0.001677517
74,45,0.046829478
74,46,0.000999737174422932
74,47,0.0038204409715563
74,48,0.00818947707180913
74,49,0.682626644251737
74,50,0.203027393970109
74,51,0.0181159392250442
75,1,0.0402448192976011
75,2,0
75,3,0.0025288819535698
75,4,1
75,5,0.253263707571801
75,6,0.949852507374631
75,7,0
75,8,0.428571428571428
75,9,0.586776859504132
75,10,1
75,11,0.44
75,12,0.2
75,13,0.0050148496267769
75,14,0
75,15,0.0016735701435086
75,16,0.001389837695225
75,17,0.248382255367387
75,18,0
75,19,0
75,20,0
75,21,0
75,22,0
75,23,0.0000404741161471836
75,24,0.277871247675551
75,25,0.606612222806802
75,26,0.191392195384793
75,27,0.632763065385517
75,28,0.258426966292135
75,29,0.243128964059197
75,30,0.0838981498442938
75,31,0
75,32,0.0008612883747062
75,33,0.0071255884972642
75,34,0.0025690458045754
75,35,0.924313569438918
75,36,0.25
75,37,0.68995984
75,38,0
75,39,0.520535974366443
75,40,0.9
75,41,0.233644859813084
75,42,0.161501466
75,43,0.126946108
75,44,0.010048923
75,45,0
75,46,0
75,47,0
75,48,0
75,49,0.294288848588848
75,50,0.081000302372149
75,51,0.00230773338327489
76,1,0.0495610074165093
76,2,0.0410211150222195
76,3,0.0157002847130968
76,4,1
76,5,0.234986945169713
76,6,0.743362831858407
76,7,0.005020920502092
76,8,0.428571428571428
76,9,0.43801652892562
76,10,0.522265625
76,11,0
76,12,0
76,13,0.0076601652267561
76,14,0
76,15,0.0090038073720764
76,16,0.0042166262278862
76,17,0.112489257881838
76,18,0
76,19,0
76,20,0.0555555555555555
76,21,0.0015996682169624
76,22,0.0061471861471861
76,23,0.0006404987749626
76,24,0.2398831134331
76,25,0.497377496773806
76,26,0.215069595614889
76,27,0.632763065385517
76,28,0.0449438202247191
76,29,0.171247357293869
76,30,0.116230078769005
76,31,0
76,32,0.0106522974964076
76,33,0.0122516496100921
76,34,0.0182639726947131
76,35,0.91766812574612
76,36,0.25
76,37,0.544578313253012
76,38,0
76,39,0.468977570637926
76,40,0.92
76,41,0.233644859813084
76,42,0.101790147
76,43,0.190248075
76,44,0.001364669
76,45,0.000364785
76,46,0.0132376211532894
76,47,0.00370163561037952
76,48,0.00524213861142759
76,49,0.66298991153353
76,50,0.51048497146528
76,51,0.00449241860828664
77,1,0
77,2,0.0211562136265165
77,3,0.129609477660972
77,4,0.241850683491062
77,5,0.595300261096606
77,6,0.0589970501474926
77,7,0.100418410041841
77,8,0.428571428571428
77,9,0.396694214876033
77,10,0.801171875
77,11,0.613
77,12,0.0666666666666666
77,13,0.0041480517359981
77,14,0
77,15,0.008041504539559
77,16,0.0100115427198417
77,17,0.589275265094665
77,18,0.0092592592592592
77,19,0.0131578947368421
77,20,0.0555555555555555
77,21,0.0032289599194241
77,22,0.0051082251082251
77,23,0.0056018111616641
77,24,0.416364119365979
77,25,0.53878810421353
77,26,0.866279975930478
77,27,0.572955237872041
77,28,0.956179775280899
77,29,0.968287526427061
77,30,0.0337973987909873
77,31,0.8
77,32,0.0131676573232439
77,33,0.0138330939959645
77,34,0.939126567603685
77,35,0.810982888977318
77,36,0
77,37,0.16064257060241
77,38,0.0125
77,39,0.635013108068744
77,40,0.58
77,41,0.953271028037383
77,42,0.189379558
77,43,0.472711719
77,44,0.001132729
77,45,0.068874477
77,46,0.000675285823050372
77,47,0.0460913884782561
77,48,0.0524399838603908
77,49,1
77,50,0.330165614180628
77,51,0.0240965440493059
78,1,0.0182522910233622
78,2,0.0018821658656686
78,3,0.0174181449846692
78,4,0.443743427970557
78,5,0.569190600522193
78,6,0.171091445427729
78,7,0.0556485355648535
78,8,0.428571428571428
78,9,0.512396694214876
78,10,0.791015625
78,11,0
78,12,0
78,13,0.011389466472031
78,14,0
78,15,0.029931802016652
78,16,0.0197404065864172
78,17,0.251308028861103
78,18,0.0023148148148148
78,19,0.006578947368421
78,20,0.0555555555555555
78,21,0.0028734780934324
78,22,0.0031168831168831
78,23,0.0023896569886718
78,24,0.268484902151776
78,25,0.668337783930613
78,26,0.878706325362687
78,27,0.578298570424186
78,28,0.657303370786517
78,29,0.843551797040169
78,30,0.0642058985162117
78,31,0.6
78,32,0.0117456199425549
78,33,0.0143965971679421
78,34,0.567133052825195
78,35,0.873484547022152
78,36,0
78,37,0.232128514698795
78,38,0.0125
78,39,0.28546460821439
78,40,0.75
78,41,0.869158878504673
78,42,0.218442322
78,43,0.433190761
78,44,0.000134849
78,45,0.124556609
78,46,0.00182331446805654
78,47,0.00236931834575415
78,48,0.013103325034426
78,49,0.557997313177559
78,50,0.409428529130522
78,51,0.0214513955905422
79,1,0.0472389954114263
79,2,0.0689194153317282
79,3,0.0342408563293911
79,4,0.307045215562566
79,5,0.339425587467363
79,6,0.607669616519174
79,7,0.0196652719665271
79,8,0.285714285714286
79,9,0.165289256198347
79,10,0.1609375
79,11,0.617
79,12,0.0666666666666666
79,13,0
79,14,0
79,15,0.0034475544956277
79,16,0.0035334856658264
79,17,0.251888286867806
79,18,0
79,19,0
79,20,0
79,21,0.0001777409129958
79,22,0.0007792207792207
79,23,0.0007740141105659
79,24,0.354290268307802
79,25,0.157929055716473
79,26,0.298645189757821
79,27,0.261073353644246
79,28,0.837078651685393
79,29,0.460887949260042
79,30,0.0104414727972156
79,31,0.2
79,32,0.0065276156455049
79,33,0.017850326286514
79,34,0.351030964557962
79,35,1
79,36,0.25
79,37,0.776706827951807
79,38,0
79,39,0.631226332653655
79,40,0.94
79,41,0.373831775700934
79,42,0.295849828
79,43,1
79,44,0.017627419
79,45,0.019131768
79,46,0.00434686689896429
79,47,0.0122148883484188
79,48,0.0109047480045831
79,49,0.880337314112906
79,50,0.592898163850759
79,51,0.00163986822238749
80,1,0.0612376532159746
80,2,0.140585862566738
80,3,0.0539996714848883
80,4,0.371819137749737
80,5,0.394255874673629
80,6,0.283185840707965
80,7,0.0569037656903765
80,8,0.142857142857143
80,9,0.231404958677686
80,10,0.582421875
80,11,0.3073
80,12,0.2
80,13,0.0073863367808634
80,14,0
80,15,0.0094556713108238
80,16,0.0067842924783868
80,17,0.188649957521197
80,18,0.0069444444444444
80,19,0
80,20,0.0555555555555555
80,21,0.0022217614124477
80,22,0.0053679653679653
80,23,0.0011917066816017
80,24,0.345612326219783
80,25,0.527505620154033
80,26,0.342188310409481
80,27,1
80,28,0.923595505617978
80,29,0.569415081042988
80,30,0.0885693350430481
80,31,0.2
80,32,0.0298252175733766
80,33,0.059222365622671
80,34,0.624213364651225
80,35,0.966772781536013
80,36,0
80,37,0.756626506024096
80,38,0
80,39,0.432857558986309
80,40,0.78
80,41,0.336448598130841
80,42,0.235290188
80,43,0.686056459
80,44,0
80,45,0.276477562
80,46,0.0814764616970689
80,47,0.0349033178942938
80,48,0.0238172439919173
80,49,0.677984713901455
80,50,0.48817777868195
80,51,0.0354131051705765
81,1,0.0338798707390328
81,2,0.0871351765353687
81,3,0.0531373193166885
81,4,0.241850683491062
81,5,0.391644908616188
81,6,0.147492625368732
81,7,0.0778242677824267
81,8,0.142857142857143
81,9,0.528925619834711
81,10,0.935546875
81,11,0.315
81,12,0.0666666666666666
81,13,0.0123402488362291
81,14,0
81,15,0.0155474666331952
81,16,0.0205884431462156
81,17,0.397626083699157
81,18,0.0231481481481481
81,19,0.0131578947368421
81,20,0.0555555555555555
81,21,0.0061616849838552
81,22,0.0109090909090909
81,23,0.0032308203505448
81,24,0.49880456920216
81,25,0.443915938143391
81,26,0.638506565274552
81,27,0.720178111085071
81,28,0.857303370786517
81,29,0.881606765327696
81,30,0.100109910239971
81,31,0.4
81,32,0.0201319942389254
81,33,0.0319560831076291
81,34,0.720800851455181
81,35,0.40966971746916
81,36,0
81,37,0.16706827373494
81,38,0
81,39,0.297116224876201
81,40,0.75
81,41,0.953271028037383
81,42,0.159190993
81,43,0.408896493
81,44,0.023922155
81,45,0.051342364
81,46,0.0199145368341352
81,47,0.0307654968864509
81,48,0.0306046127261951
81,49,0.713508738239379
81,50,0.241111052832254
81,51,0.0296553800292065